txn_id,scenario_id,date,account_id,counterparty,description,amount,currency,amount_usd,recovered,fx_rate,evidence,problems
TXN-P1-0007,P1,2025-01-02,ACC-7801,Hartley Building Services Holdings (Turkistan point),Plant and boiler insurance premium — Taraz site 2025,-11065870.19,USD,-11065870.19,0,,,
TXN-P4-0056,P4,2025-01-02,ACC-7804,Cedarville Payroll LP,Revolver interest — November,-2019970.78,USD,-2019970.78,0,,,
TXN-P6-0016,P6,2025-01-02,ACC-7806,Glenwood Facilities Holdings (Oskemen unit),Corporate income tax instalment — Kostanay centre,-440014.44,USD,-440014.44,0,,,
TXN-P8-0007,P8,2025-01-02,ACC-7808,Ashford Water Works Group JSC (Turkistan point),Marketing co-operative funding received — Astana branch 2025,6830284.13,USD,6830284.13,0,,,
TXN-P1-0012,P1,2025-01-03,ACC-7801,Ironwood Power Trust Enterprise (Karaganda yard),Payroll for laboratory staff — April 2025,-1604249.66,USD,-1604249.66,0,,,
TXN-P6-0005,P6,2025-01-03,ACC-7806,Glenwood Property Trust,Franchise tax filing,-4810458.99,USD,-4810458.99,0,,,
TXN-P6-0020,P6,2025-01-03,ACC-7806,Foxridge Power LLC Ltd (Kyzylorda station),"Rent for spare parts store — Astana branch, instalment 1 2025",-8599812.02,USD,-8599812.02,0,,,
TXN-P8-0001,P8,2025-01-03,ACC-7808,Eastgate Water Works Ltd Company,Rent for spare parts store — Zhezkazgan compound 2025,-1435608.42,USD,-1435608.42,0,,,
TXN-B1-0019,B1,2025-01-04,ACC-7201,Ashford Office Supplies LLC,Sponsorship marketing of regional sports club — Astana branch,-212472.44,USD,-212472.44,0,,,
TXN-B1-0034,B1,2025-01-04,ACC-7201,Foxridge Stationery (Almaty office),Corporate income tax instalment — Kostanay centre,-7012825.84,USD,-7012825.84,0,,,
TXN-P7-0022,P7,2025-01-06,ACC-7807,Ironwood Insurance LLC (Taraz site),"Insurance broker rebate — Semey base, H1",1516471.55,USD,1516471.55,0,,,
TXN-B1-0048,B1,2025-01-07,ACC-7201,Bridgeport Leasing LLC (Uralsk annex),"Equipment yard lease — Pavlodar block, Q4 2025",-5414655.83,USD,-5414655.83,0,,,
TXN-P7-0044,P7,2025-01-07,ACC-7807,Juniper Tax Advisory LLC Trading House,Printed marketing collateral run — Zhezkazgan compound,-9477411.59,USD,-9477411.59,0,,,
TXN-B1-0027,B1,2025-01-09,ACC-7201,Cedarville Facilities,Excise tax credit received — instalment 3 2025,1751470.75,USD,1751470.75,0,,,
TXN-B4-0039,B4,2025-01-09,ACC-7204,Juniper Printing Inc Trading House (Turkistan point),"Interest credited on current account — Zhezkazgan compound, final call 2025",12367740.28,USD,12367740.28,0,,,
TXN-P10-0062,P10,2025-01-09,ACC-7810,Cedarville Tax Advisory Partners Trading House (Kyzylorda station),"Interest recovery on overpayment — Pavlodar block, instalment 3 2025",220304.84,USD,220304.84,0,,,
TXN-P2-0006,P2,2025-01-09,ACC-7802,Bridgeport Power Corp (Semey base),Property tax payment — Oskemen unit,-2125991.67,USD,-2125991.67,0,,,
TXN-P2-0017,P2,2025-01-09,ACC-7802,Dunmore Realty (Kyzylorda station),"Printed marketing collateral run — Uralsk annex, January 2025",-3249662.49,USD,-3249662.49,0,,,
TXN-P3-0053,P3,2025-01-09,ACC-7803,Dunmore Facilities Associates Trading House,"Rent free period credit — Turkistan point, June",1209157.56,USD,1209157.56,0,,,
TXN-B1-0056,B1,2025-01-10,ACC-7201,Ironwood Realty Services (Karaganda yard),Rent for training centre 2025,-417312.75,USD,-417312.75,0,,,
TXN-P10-0004,P10,2025-01-10,ACC-7810,Eastgate Maintenance Solutions,Product launch ad campaign,-174400.39,USD,-174400.39,0,,,
TXN-P5-0033,P5,2025-01-10,ACC-7805,Ashford Uniforms Associates (Shymkent depot),Marketing research panel subscription — Oskemen unit,-1870958.07,USD,-1870958.07,0,,,
TXN-P9-0011,P9,2025-01-10,ACC-7809,Bridgeport Courier Solutions (Ekibastuz block B),Office rent — instalment 3 2025,-238906.18,USD,-238906.18,0,,,
TXN-P1-0002,P1,2025-01-11,ACC-7801,Foxridge Tax Advisory Corp (Semey base),"Telecom leased line — Kostanay centre, February 2025",-1474435.73,USD,-1474435.73,0,,,
TXN-P1-0032,P1,2025-01-12,ACC-7801,Eastgate Janitorial Partners (Ekibastuz block B),"Default interest charge — Almaty office, instalment 1 2025",-654151.88,USD,-654151.88,0,,,
TXN-P5-0048,P5,2025-01-12,ACC-7805,Cedarville Uniforms Solutions Service Centre (Oskemen unit),Antenna mast lease — Kostanay centre,-634250.84,USD,-634250.84,0,,,
TXN-P5-0054,P5,2025-01-12,ACC-7805,Ashford Maintenance LLC (Zhezkazgan compound),Marketing volume rebate — March 2025,7045005.71,USD,7045005.71,0,,,
TXN-P10-0008,P10,2025-01-13,ACC-7810,Bridgeport Office Supplies (Semey base),Marketing photography and artwork 2025,-266501.58,USD,-266501.58,0,,,
TXN-P3-0041,P3,2025-01-13,ACC-7803,Dunmore Utility Inc,Group insurance experience refund — Oskemen unit,1064153.42,USD,1064153.42,0,,,
TXN-P4-0013,P4,2025-01-14,ACC-7804,Cedarville Uniforms Solutions,Outdoor marketing site hire — Kyzylorda station,-6073547.09,USD,-6073547.09,0,,,
TXN-P7-0026,P7,2025-01-16,ACC-7807,Juniper Landscaping LLC (Aktobe hub),Vehicle livery marketing application — period 03,-824986.91,USD,-824986.91,0,,,
TXN-P3-0023,P3,2025-01-17,ACC-7803,Ashford Cleaning Services LLP (Almaty office),"Seasonal payroll run — Taraz site, June 2025",-10504386.24,USD,-10504386.24,0,,,
TXN-P8-0012,P8,2025-01-17,ACC-7808,Sentinel Insurance Group (Aktobe hub),"Interest credited on current account — Semey base, February",2667830.89,USD,2667830.89,0,,,
TXN-B4-0016,B4,2025-01-20,ACC-7204,Ironwood Power Trust (Ekibastuz block B),"District heating utility charge — Shymkent depot, H2 2025",-10042101.92,USD,-10042101.92,0,,,
TXN-P5-0026,P5,2025-01-21,ACC-7805,Bridgeport Supply LP,Water charge adjustment credit 2025,1481878.83,USD,1481878.83,0,,,
TXN-P4-0018,P4,2025-01-22,ACC-7804,Juniper Uniforms Co LLP,"Warehouse lease — Semey base, June 2025",-2356896.7,USD,-2356896.7,0,,,
TXN-P4-0038,P4,2025-01-22,ACC-7804,Kingsley Water Works Solutions (Taraz site),Telecom service credit received — Taraz site 2025,459637.57,USD,459637.57,0,,,
TXN-P5-0007,P5,2025-01-22,ACC-7805,Bridgeport Janitorial Solutions (Ekibastuz block B),"Electricity metering correction credit — Taraz site, period 01",1571727.86,USD,1571727.86,0,,,
TXN-P9-0015,P9,2025-01-25,ACC-7809,Cedarville Janitorial Holdings Group,VAT instalment — Uralsk annex 2025,-2357671.23,USD,-2357671.23,0,,,
TXN-B1-0046,B1,2025-01-26,ACC-7201,Hartley Landscaping Ltd JSC (Pavlodar block),"Vehicle livery marketing application — Pavlodar block, September",-462598.24,USD,-462598.24,0,,,
TXN-P4-0029,P4,2025-01-26,ACC-7804,Glenwood Uniforms Group (Kostanay centre),Depot yard rent — July 2025,-2540625.5,USD,-2540625.5,0,,,
TXN-B1-0049,B1,2025-01-28,ACC-7201,Glenwood Telecom Corp (Kyzylorda station),Marine cargo insurance premium — Aktobe hub,-6840662.36,USD,-6840662.36,0,,,
TXN-P1-0037,P1,2025-01-28,ACC-7801,Ashford Property Co (Taraz site),"Interest on trade facility — Atyrau terminal, November 2025",-6453942.7,USD,-6453942.7,0,,,
TXN-P6-0045,P6,2025-01-28,ACC-7806,Kingsley Water Works Solutions,Business interruption insurance,-466225.78,USD,-466225.78,0,,,
TXN-B1-0054,B1,2025-01-29,ACC-7201,Hartley Catering LP Supply,Environmental liability insurance — Pavlodar block,-1099515.55,USD,-1099515.55,0,,,
TXN-P1-0026,P1,2025-01-29,ACC-7801,Foxridge Stationery (Zhezkazgan compound),Standby generator electricity — Pavlodar block,-1585834.81,USD,-1585834.81,0,,,
TXN-P10-0038,P10,2025-01-29,ACC-7810,Cedarville Printing Services (Ekibastuz block B),"Interest on bridge facility — Oskemen unit, Q4 2025",-1214344.92,USD,-1214344.92,0,,,
TXN-P2-0019,P2,2025-01-30,ACC-7802,Eastgate Office Supplies Solutions,"Overdraft interest — Kyzylorda station, September 2025",-1143345.59,USD,-1143345.59,0,,,
TXN-B1-0015,B1,2025-01-31,ACC-7201,Bridgeport Office Supplies LLP (Semey base),Motor third-party insurance — February,-6029826.75,USD,-6029826.75,0,,,
TXN-P3-0045,P3,2025-01-31,ACC-7803,Cedarville Leasing (Karaganda yard),Utility metering charge — Oskemen unit,-5075771.04,USD,-5075771.04,0,,,
TXN-P4-0031,P4,2025-02-02,ACC-7804,Eastgate Office Supplies Solutions Partners,Marketing research panel subscription — period 04 2025,-716503.49,USD,-716503.49,0,,,
TXN-P6-0033,P6,2025-02-02,ACC-7806,Foxridge Property Associates,"Insurance premium refund — Taraz site, instalment 2",6005234.9,USD,6005234.9,0,,,
TXN-P8-0004,P8,2025-02-02,ACC-7808,Trident Power Cooperative (Uralsk annex),"Telecom services — Zhezkazgan compound, Q3",-520395.97,USD,-520395.97,0,,,
TXN-P9-0023,P9,2025-02-02,ACC-7809,Ironwood Cleaning LLC Works (Karaganda yard),"Travel insurance for staff — Turkistan point, instalment 3",-7888458.51,USD,-7888458.51,0,,,
TXN-P7-0009,P7,2025-02-03,ACC-7807,Juniper Building Services Partners (Kyzylorda station),Interest on escrow balance — period 03 2025,10314274.31,USD,10314274.31,0,,,
TXN-P6-0009,P6,2025-02-04,ACC-7806,Cascade Water Utility Works (Pavlodar block),Fidelity bond insurance — Karaganda yard,-667823.42,USD,-667823.42,0,,,
TXN-P3-0032,P3,2025-02-05,ACC-7803,Eastgate Courier Partners (Atyrau terminal),Storage unit rent — Atyrau terminal 2025,-2846486.78,USD,-2846486.78,0,,,
TXN-P10-0030,P10,2025-02-06,ACC-7810,Hartley Supply Works,Overdraft interest — July 2025,-1587631.97,USD,-1587631.97,0,,,
TXN-P10-0060,P10,2025-02-06,ACC-7810,Summit Telecom Group (Kostanay centre),Interest income on treasury bills — period 04 2025,625992.1,USD,625992.1,0,,,
TXN-P8-0005,P8,2025-02-06,ACC-7808,Kyzylorda Drilling Personnel LLP,Field crew payroll disbursement 2025,-2418663.27,USD,-2418663.27,0,,,
TXN-P3-0040,P3,2025-02-07,ACC-7803,Eastgate Courier Partners Enterprise,"Payroll top-up transfer — Shymkent depot, October",-366905.32,USD,-366905.32,0,,,
TXN-P10-0023,P10,2025-02-08,ACC-7810,Bridgeport Waste Systems Ltd (Oskemen unit),"Marketing translation and localisation — Astana branch, Q4",-268827.27,USD,-268827.27,0,,,
TXN-P4-0030,P4,2025-02-08,ACC-7804,Bridgeport Utility Co,"Land tax instalment — Almaty office, H1 2025",-258858.22,USD,-258858.22,0,,,
TXN-P6-0013,P6,2025-02-08,ACC-7806,Glenwood Waste Systems Trust (Kyzylorda station),Motor third-party insurance — Q4,-373627.82,USD,-373627.82,0,,,
TXN-P6-0052,P6,2025-02-08,ACC-7806,Hartley Maintenance Partners,"Rent for archive premises — Karaganda yard, June",-6295425.94,USD,-6295425.94,0,,,
TXN-P9-0022,P9,2025-02-09,ACC-7809,Bridgeport Realty Inc Group (Karaganda yard),Business interruption insurance — instalment 3,-7594649.55,USD,-7594649.55,0,,,
TXN-P5-0046,P5,2025-02-10,ACC-7805,Ashford Tax Advisory Holdings Company,Vehicle livery marketing application — Taraz site 2025,-9119061.31,USD,-9119061.31,0,,,
TXN-P2-0030,P2,2025-02-11,ACC-7802,Dunmore Uniforms Holdings,Office rent — period 02,-1054367.22,USD,-1054367.22,0,,,
TXN-P4-0039,P4,2025-02-11,ACC-7804,Glenwood Water Works LLC (Atyrau terminal),Interest on escrow balance 2025,2013671.07,USD,2013671.07,0,,,
TXN-P5-0016,P5,2025-02-11,ACC-7805,Ural Turbine Works LLP,Purchase of switchyard equipment,-1703882.44,USD,-1703882.44,0,,,
TXN-P6-0023,P6,2025-02-11,ACC-7806,Foxridge Insurance Co (Zhezkazgan compound),"Customs duty and tax payment — Atyrau terminal, September",-4274468.38,USD,-4274468.38,0,,,
TXN-P10-0053,P10,2025-02-12,ACC-7810,Juniper Landscaping LLC (Zhezkazgan compound),Overdraft interest — December 2025,-2801359.37,USD,-2801359.37,0,,,
TXN-P2-0008,P2,2025-02-12,ACC-7802,Bridgeport Tax Advisory Services Supply,Customer newsletter marketing production — Zhezkazgan compound 2025,-302754.71,EUR,-351195.46,0,1.16,,
TXN-B1-0042,B1,2025-02-13,ACC-7201,Kingsley Power Holdings,Industry exhibition stand marketing — period 03 2025,-221738.1,USD,-221738.1,0,,,
TXN-P5-0051,P5,2025-02-14,ACC-7805,Eastgate Facilities Trust (Taraz site),Interest on subordinated notes — Semey base,-1072861.8,USD,-1072861.8,0,,,
TXN-P6-0036,P6,2025-02-14,ACC-7806,Hartley Printing Co,Vehicle tax payment — November,-1119866.56,USD,-1119866.56,0,,,
TXN-P9-0021,P9,2025-02-14,ACC-7809,Bridgeport Uniforms Trust Works,"Rent for spare parts store — Ekibastuz block B, May",-673095.49,USD,-673095.49,0,,,
TXN-B1-0031,B1,2025-02-15,ACC-7201,Juniper Payroll Associates (Shymkent depot),Social tax remittance — Pavlodar block,-1463827.85,USD,-1463827.85,0,,,
TXN-P8-0024,P8,2025-02-15,ACC-7808,Granger Utilities Holding,District heating utility charge 2025,-5908411.58,USD,-5908411.58,0,,,
TXN-P10-0013,P10,2025-02-16,ACC-7810,Ironwood Stationery Solutions JSC (Kyzylorda station),Corporate brand marketing programme — Turkistan point 2025,-3277880.53,USD,-3277880.53,0,,,
TXN-P2-0037,P2,2025-02-16,ACC-7802,Trident Power Cooperative (Taraz site),"VAT refund received — Turkistan point, April",5814535.19,USD,5814535.19,0,,,
TXN-P3-0007,P3,2025-02-16,ACC-7803,Eastgate Utility LLC (Semey base),Warehouse contents insurance — Atyrau terminal 2025,-3024115.38,USD,-3024115.38,0,,,
TXN-P10-0011,P10,2025-02-17,ACC-7810,Eurasia Insurance Company JSC,Property insurance premium 2025,-248663.19,USD,-248663.19,0,,,
TXN-P7-0024,P7,2025-02-17,ACC-7807,Kingsley Power Holdings (Pavlodar block),Unused ad campaign budget returned — instalment 1,7470397.9,USD,7470397.9,0,,,
TXN-P9-0039,P9,2025-02-17,ACC-7809,Eastgate Stationery LLC (Karaganda yard),Capitalised interest charge — Q4 2025,-437402.03,USD,-437402.03,0,,,
TXN-P9-0049,P9,2025-02-17,ACC-7809,Foxridge Maintenance Holdings (Atyrau terminal),"Parking garage lease — Turkistan point, April 2025",-4128626.07,USD,-4128626.07,0,,,
TXN-P1-0041,P1,2025-02-18,ACC-7801,Hartley Catering LP (Kostanay centre),"Electricity network capacity charge — Uralsk annex, instalment 3",-315103.3,USD,-315103.3,0,,,
TXN-B1-0022,B1,2025-02-19,ACC-7201,Foxridge Facilities Solutions,"Unused ad campaign budget returned — Astana branch, April 2025",832732.8,USD,832732.8,0,,,
TXN-P2-0028,P2,2025-02-19,ACC-7802,Development Bank of Kazakhstan JSC,Term loan facility drawdown for cold store expansion,4882117.46,USD,4882117.46,0,,,
TXN-P4-0034,P4,2025-02-19,ACC-7804,Ironwood Office Supplies Group,"Rent for spare parts store — Oskemen unit, H2 2025",-507883.52,USD,-507883.52,0,,,
TXN-P5-0019,P5,2025-02-19,ACC-7805,Hartley Courier Corp,Payroll top-up transfer — Pavlodar block,-377075.55,USD,-377075.55,0,,,
TXN-P6-0053,P6,2025-02-19,ACC-7806,Crown City Water Board (Astana branch),"Retail unit rent — Zhezkazgan compound, January",-6391398.14,USD,-6391398.14,0,,,
TXN-P8-0002,P8,2025-02-19,ACC-7808,Ashford Utility Corp (Aktobe hub),Advance profit tax instalment — Kyzylorda station,-472953.75,USD,-472953.75,0,,,
TXN-B1-0002,B1,2025-02-20,ACC-7201,Initech Software Licenses,Rent deposit returned 2025,7123935.64,USD,7123935.64,0,,,
TXN-P6-0027,P6,2025-02-20,ACC-7806,Glenwood Catering Group (Semey base),Antenna mast lease — January,-7193523.88,USD,-7193523.88,0,,,
TXN-P9-0031,P9,2025-02-20,ACC-7809,Glenwood Janitorial LP,"Depot yard rent — Uralsk annex, July 2025",-7227726.32,USD,-7227726.32,0,,,
TXN-P5-0003,P5,2025-02-22,ACC-7805,Ironwood Printing Ltd,Sponsorship marketing of regional sports club — Astana branch,-3604100.77,USD,-3604100.77,0,,,
TXN-P9-0016,P9,2025-02-22,ACC-7809,Bridgeport Insurance Partners Works,Water supply charge — Semey base 2025,-1187685.09,USD,-1187685.09,0,,,
TXN-P5-0043,P5,2025-02-24,ACC-7805,Glenwood Insurance Ltd Ltd,"Payroll for drivers — Karaganda yard, Q2",-10114207.63,USD,-10114207.63,0,,,
TXN-P6-0022,P6,2025-02-24,ACC-7806,Ural Grinding Works LLP,Purchase of clinker grinding equipment,-1482663.28,USD,-1482663.28,0,,,
TXN-B1-0011,B1,2025-02-25,ACC-7201,Cedarville Leasing (Kostanay centre),Rent overpayment refunded — Kostanay centre 2025,1888842.15,USD,1888842.15,0,,,
TXN-P10-0037,P10,2025-02-25,ACC-7810,Juniper Property Services Group,Customer newsletter marketing production — period 01,-301167.04,USD,-301167.04,0,,,
TXN-P2-0056,P2,2025-02-25,ACC-7802,Cedarville Waste Systems Inc (Atyrau terminal),"Media buy rate adjustment credit — Kyzylorda station, November",485636.32,USD,485636.32,0,,,
TXN-P7-0025,P7,2025-02-26,ACC-7807,Juniper Payroll Associates,Unclaimed payroll returned — Astana branch 2025,647074.31,USD,647074.31,0,,,
TXN-P1-0025,P1,2025-02-27,ACC-7801,Harborview Properties (Turkistan point),Sponsorship marketing of regional sports club 2025,-214382.05,USD,-214382.05,0,,,
TXN-P1-0050,P1,2025-02-27,ACC-7801,Bridgeport Water Works LP,Payroll for night shift — Q1,-10611759.48,USD,-10611759.48,0,,,
TXN-B1-0006,B1,2025-02-28,ACC-7201,Eastgate Cleaning Corp Enterprise,"Point-of-sale marketing materials — Semey base, June",-2819887.45,USD,-2819887.45,0,,,
TXN-B1-0040,B1,2025-02-28,ACC-7201,Ironwood Supply Associates (Turkistan point),Rent for regional office — instalment 1 2025,-274731.84,USD,-274731.84,0,,,
TXN-B4-0004,B4,2025-03-01,ACC-7204,Bridgeport Uniforms Trust (Kostanay centre),"Sponsorship marketing of regional sports club — Kyzylorda station, instalment 1 2025",-6446696.54,USD,-6446696.54,0,,,
TXN-B4-0022,B4,2025-03-01,ACC-7204,Vanguard Payroll Co (Pavlodar block),Electricity for site lighting — Q3,-7223836.57,USD,-7223836.57,0,,,
TXN-B4-0029,B4,2025-03-01,ACC-7204,Dunmore Waste Systems LLC Works (Zhezkazgan compound),Rent deposit returned — Almaty office 2025,177288.48,USD,177288.48,0,,,
TXN-B4-0036,B4,2025-03-01,ACC-7204,Hartley Courier Corp Ltd,Environmental liability insurance — period 02,-8526280.28,USD,-8526280.28,0,,,
TXN-B4-0057,B4,2025-03-01,ACC-7204,Juniper Office Supplies LP (Semey base),"Utility metering charge — Oskemen unit, August",-400286.74,USD,-400286.74,0,,,
TXN-P8-0050,P8,2025-03-02,ACC-7808,Bridgeport Facilities LLC (Kostanay centre),"Default interest charge — Oskemen unit, Q1",-6295087.15,USD,-6295087.15,0,,,
TXN-B1-0021,B1,2025-03-03,ACC-7201,Eastgate Office Supplies Solutions (Uralsk annex),"Digital media buy — display — Shymkent depot, Q2 2025",-1292105.71,USD,-1292105.71,0,,,
TXN-B1-0041,B1,2025-03-03,ACC-7201,Ironwood Realty Services (Karaganda yard),Workers comp insurance — Shymkent depot 2025,-544568.74,USD,-544568.74,0,,,
TXN-P1-0052,P1,2025-03-03,ACC-7801,Bridgeport Courier Solutions (Astana branch),"Digital media buy — search — Karaganda yard, instalment 3 2025",-379368.05,USD,-379368.05,0,,,
TXN-B1-0036,B1,2025-03-04,ACC-7201,Glenwood Consulting Inc,Excise tax credit received — period 02 2025,275823.54,USD,275823.54,0,,,
TXN-P4-0036,P4,2025-03-04,ACC-7804,Dunmore Janitorial Services Service Centre,Interest on subordinated notes — May,-476301.74,USD,-476301.74,0,,,
TXN-P6-0003,P6,2025-03-04,ACC-7806,Hartley Power Associates,"Franchise tax filing — Shymkent depot, H2 2025",-495164.18,USD,-495164.18,0,,,
TXN-P7-0028,P7,2025-03-04,ACC-7807,Eastgate Facilities Trust Ltd,Credit facility interest — Kostanay centre 2025,-515506.87,USD,-515506.87,0,,,
TXN-P1-0014,P1,2025-03-05,ACC-7801,Aktau Terminal Properties LLP,Terminal land lease payments 2025,-918443.27,USD,-918443.27,0,,,
TXN-P7-0034,P7,2025-03-05,ACC-7807,Juniper Cleaning (Taraz site),Payroll for security detail — February,-275069.81,USD,-275069.81,0,,,
TXN-P2-0021,P2,2025-03-06,ACC-7802,Ironwood Stationery Solutions (Uralsk annex),Parking garage lease — Kostanay centre 2025,-11913971.27,USD,-11913971.27,0,,,
TXN-P4-0007,P4,2025-03-06,ACC-7804,Ashford Property Co (Almaty office),"Excise tax credit received — Uralsk annex, Q1",2325457.12,USD,2325457.12,0,,,
TXN-P6-0004,P6,2025-03-06,ACC-7806,Taraz Cement Personnel LLP,Plant crew payroll disbursement 2025,-1482663.19,USD,-1482663.19,0,,,
TXN-P7-0055,P7,2025-03-06,ACC-7807,Dunmore Courier Services LLP,Political risk insurance — Semey base 2025,-2773434.34,USD,-2773434.34,0,,,
TXN-P3-0051,P3,2025-03-07,ACC-7803,Bridgeport Janitorial Solutions (Aktobe hub),"Bi-weekly payroll run — Kyzylorda station, November 2025",-10938732.68,USD,-10938732.68,0,,,
TXN-P5-0022,P5,2025-03-07,ACC-7805,Statewide Tax Authority (Semey base),Lease deposit released — Uralsk annex,13837909.93,USD,13837909.93,0,,,
TXN-B1-0001,B1,2025-03-08,ACC-7201,Bridgeport Property Ltd Service Centre,Sublet rent received — February,1656712.15,USD,1656712.15,0,,,
TXN-P1-0028,P1,2025-03-08,ACC-7801,Eastgate Utility LLC Group,"Utility deposit returned — Almaty office, period 02",3575522.74,USD,3575522.74,0,,,
TXN-P1-0047,P1,2025-03-08,ACC-7801,Ironwood Stationery Solutions Trading House,"Environmental liability insurance — Uralsk annex, instalment 2 2025",-2697744.03,USD,-2697744.03,0,,,
TXN-P2-0055,P2,2025-03-08,ACC-7802,Bridgeport Office Supplies,Marketing co-operative funding received — June 2025,7382549.74,USD,7382549.74,0,,,
TXN-P3-0035,P3,2025-03-09,ACC-7803,Foxridge Supply Inc Enterprise,"Environmental emissions tax — Uralsk annex, March",-193979.88,USD,-193979.88,0,,,
TXN-P2-0002,P2,2025-03-10,ACC-7802,Bridgeport Security Associates Enterprise,Electricity network capacity charge — November,-421881.82,USD,-421881.82,0,,,
TXN-P8-0038,P8,2025-03-11,ACC-7808,Ironwood Payroll (Almaty office),"Rent deposit returned — Astana branch, January 2025",3505589.65,USD,3505589.65,0,,,
TXN-P10-0021,P10,2025-03-12,ACC-7810,Saryarka Terminal Properties LLP,Warehouse land lease payments 2025,-1204663.28,USD,-1204663.28,0,,,
TXN-P1-0022,P1,2025-03-13,ACC-7801,Juniper Printing Inc Supply (Turkistan point),Municipal tax levy — instalment 2 2025,-593594.68,USD,-593594.68,0,,,
TXN-B1-0017,B1,2025-03-14,ACC-7201,Juniper Power Solutions,Insurance premium refund — Uralsk annex,4465117.37,USD,4465117.37,0,,,
TXN-B4-0011,B4,2025-03-14,ACC-7204,Eastgate Consulting Co (Oskemen unit),Radio ad campaign schedule — Zhezkazgan compound 2025,-103731.12,USD,-103731.12,0,,,
TXN-P1-0038,P1,2025-03-14,ACC-7801,Bridgeport Office Supplies (Uralsk annex),Water charge adjustment credit,7831364.09,USD,7831364.09,0,,,
TXN-P6-0012,P6,2025-03-14,ACC-7806,Kingsley Insurance Associates Holding,"Directors and officers insurance — Kyzylorda station, Q2 2025",-574236.97,USD,-574236.97,0,,,
TXN-P7-0007,P7,2025-03-15,ACC-7807,Lakeshore Insurance Brokers Company,"Workers comp insurance — Atyrau terminal, November",-483665.07,USD,-483665.07,0,,,
TXN-P1-0020,P1,2025-03-17,ACC-7801,Bridgeport Payroll Group (Almaty office),Payroll advance recovered from staff,3066637.42,USD,3066637.42,0,,,
TXN-P3-0002,P3,2025-03-18,ACC-7803,Development Bank of Kazakhstan JSC,Term loan facility drawdown for turnaround works,5442118.93,USD,5442118.93,0,,,
TXN-P7-0048,P7,2025-03-18,ACC-7807,Dunmore Insurance LP,Environmental liability insurance — May,-156386.63,USD,-156386.63,0,,,
TXN-P4-0053,P4,2025-03-19,ACC-7804,Ural Conveyor Works LLP,Purchase of grain conveyor equipment,-1652704.31,USD,-1652704.31,0,,,
TXN-P7-0040,P7,2025-03-19,ACC-7807,Halcyon Facilities Group (Taraz site),Media buy rate adjustment credit — Karaganda yard,1979183.84,USD,1979183.84,0,,,
TXN-B4-0030,B4,2025-03-20,ACC-7204,Shymkent Fuel Distributors LLP,Refinery product sales settlement first quarter,2048994.35,USD,2048994.35,0,,,
TXN-P2-0039,P2,2025-03-20,ACC-7802,Cedarville Courier Holdings Supply,"Rent overpayment refunded — Kyzylorda station, January 2025",803966.93,USD,803966.93,0,,,
TXN-P6-0047,P6,2025-03-20,ACC-7806,Glenwood Catering Group (Turkistan point),Insurance claim reimbursement — Uralsk annex,124433.76,USD,124433.76,0,,,
TXN-P8-0020,P8,2025-03-21,ACC-7808,Foxridge Realty Trust (Shymkent depot),Interest income on term deposit — Shymkent depot 2025,1885336.06,USD,1885336.06,0,,,
TXN-B1-0013,B1,2025-03-22,ACC-7201,Ashford Printing Solutions (Kyzylorda station),"Point-of-sale marketing materials — Atyrau terminal, July 2025",-438406.28,USD,-438406.28,0,,,
TXN-P6-0026,P6,2025-03-22,ACC-7806,Maple Grove Telecom (Zhezkazgan compound),Marketing agency credit note — Q4,303758.54,USD,303758.54,0,,,
TXN-P3-0042,P3,2025-03-23,ACC-7803,Bridgeport Courier Solutions (Kostanay centre),Rent for archive premises — period 01,-1150561.42,USD,-1150561.42,0,,,
TXN-P4-0015,P4,2025-03-24,ACC-7804,Oakmont Property Management,Telecom service credit received — Pavlodar block 2025,1113342.05,USD,1113342.05,0,,,
TXN-P2-0022,P2,2025-03-25,ACC-7802,Dunmore Tax Advisory Group JSC (Karaganda yard),Interest credited on current account — Kostanay centre 2025,2083129.43,USD,2083129.43,0,,,
TXN-P8-0013,P8,2025-03-25,ACC-7808,Bridgeport Uniforms Trust (Kostanay centre),Marketing overbilling refund — period 04,3031930.94,USD,3031930.94,0,,,
TXN-P7-0031,P7,2025-03-27,ACC-7807,Atyrau Pump Station Services LLP,Pump station servicing and operating costs 2025,-6418003.77,USD,-6418003.77,0,,,
TXN-P1-0006,P1,2025-03-28,ACC-7801,Cedarville Utility Ltd,"VAT refund received — Oskemen unit, June 2025",3045764.68,USD,3045764.68,0,,,
TXN-P5-0011,P5,2025-03-28,ACC-7805,Ironwood Office Supplies Group (Kyzylorda station),Electricity network capacity charge — Turkistan point,-2275280.58,USD,-2275280.58,0,,,
TXN-P7-0002,P7,2025-03-31,ACC-7807,Oakmont Property Management (Ekibastuz block B),"Lease incentive received — Taraz site, final call",3450194.7,USD,3450194.7,0,,,
TXN-P10-0059,P10,2025-04-01,ACC-7810,Glenwood Janitorial LP (Oskemen unit),Outdoor marketing site hire — instalment 2 2025,-7141284.38,USD,-7141284.38,0,,,
TXN-P6-0008,P6,2025-04-01,ACC-7806,Juniper Uniforms Co Company,"Lease incentive received — Kostanay centre, March 2025",168948.43,USD,168948.43,0,,,
TXN-P8-0023,P8,2025-04-01,ACC-7808,Juniper Landscaping LLC Service Centre,VAT refund received — December,1670416.5,USD,1670416.5,0,,,
TXN-P2-0033,P2,2025-04-02,ACC-7802,Eastgate Stationery LLC Enterprise,"Municipal tax levy — Almaty office, Q1",-2212134.41,USD,-2212134.41,0,,,
TXN-P9-0012,P9,2025-04-02,ACC-7809,Kazakhmys Smelting JSC,Ore haulage sales settlement 2025,8442118.53,USD,8442118.53,0,,,
TXN-B4-0035,B4,2025-04-03,ACC-7204,Eastgate Landscaping LP Works (Aktobe hub),Payroll for security detail — Q3,-4095362.14,USD,-4095362.14,0,,,
TXN-P1-0049,P1,2025-04-03,ACC-7801,Eastgate Power Inc (Atyrau terminal),"Utility rebate received — Oskemen unit, January 2025",289816.92,EUR,336187.63,0,1.16,,
TXN-P3-0039,P3,2025-04-04,ACC-7803,Cedarville Utility Ltd Enterprise (Semey base),Use tax payment — Pavlodar block 2025,-421727.66,USD,-421727.66,0,,,
TXN-P4-0050,P4,2025-04-04,ACC-7804,Kingsley Utility Services Supply,Payroll for administrative staff — Q3,-256282.03,USD,-256282.03,0,,,
TXN-P1-0034,P1,2025-04-05,ACC-7801,Foxridge Catering Partners (Kostanay centre),Workers comp insurance — September 2025,-798220.24,USD,-798220.24,0,,,
TXN-P9-0018,P9,2025-04-05,ACC-7809,Trident Power Cooperative JSC (Karaganda yard),"Rent overpayment refunded — Shymkent depot, H2",769698.08,USD,769698.08,0,,,
TXN-P1-0009,P1,2025-04-06,ACC-7801,Juniper Telecom Inc Trading House (Karaganda yard),Payroll clearing account sweep back — Ekibastuz block B 2025,5085393.95,USD,5085393.95,0,,,
TXN-P10-0001,P10,2025-04-06,ACC-7810,Dunmore Stationery Inc (Zhezkazgan compound),Interest income on treasury bills — period 04 2025,9427346.24,USD,9427346.24,0,,,
TXN-P10-0018,P10,2025-04-06,ACC-7810,Ashford Realty Ltd (Taraz site),"Capitalised interest charge — Aktobe hub, period 02 2025",-8250780.17,USD,-8250780.17,0,,,
TXN-P9-0014,P9,2025-04-06,ACC-7809,Ironwood Janitorial Co Company,Rent overpayment refunded — Almaty office,1658141.07,USD,1658141.07,0,,,
TXN-P9-0028,P9,2025-04-06,ACC-7809,Hartley Consulting LLC,Ground lease instalment — October,-1737553.39,USD,-1737553.39,0,,,
TXN-P9-0054,P9,2025-04-06,ACC-7809,Eastgate Security Holdings (Atyrau terminal),Hourly staff payroll — Shymkent depot,-5269798.67,USD,-5269798.67,0,,,
TXN-P1-0015,P1,2025-04-08,ACC-7801,Ironwood Telecom Ltd,"Interest on bilateral facility — Kyzylorda station, November 2025",-1648814.64,USD,-1648814.64,0,,,
TXN-P10-0042,P10,2025-04-08,ACC-7810,Hartley Property Solutions (Uralsk annex),Trade press marketing insertion — April,-7753648.35,USD,-7753648.35,0,,,
TXN-P3-0003,P3,2025-04-08,ACC-7803,Ashford Leasing Inc Service Centre (Semey base),"Payroll for administrative staff — Kostanay centre, period 02",-2169716.95,USD,-2169716.95,0,,,
TXN-P3-0055,P3,2025-04-08,ACC-7803,Cedarville Power Co,VAT instalment — March,-581776.66,USD,-581776.66,0,,,
TXN-P4-0054,P4,2025-04-08,ACC-7804,Aktobe Elevator Services LLP,Terminal servicing and operating costs 2025,-4431662.19,USD,-4431662.19,0,,,
TXN-P7-0038,P7,2025-04-08,ACC-7807,Summit Telecom Group Company,"Executive payroll run — Astana branch, period 03",-6898199.03,USD,-6898199.03,0,,,
TXN-P10-0020,P10,2025-04-09,ACC-7810,Karaganda Terminal Personnel LLP,Terminal staff payroll disbursement 2025,-1204118.53,USD,-1204118.53,0,,,
TXN-P10-0034,P10,2025-04-09,ACC-7810,Ashford Utility Corp (Shymkent depot),Marketing agency creative fees — H1,-1089287.71,USD,-1089287.71,0,,,
TXN-P4-0010,P4,2025-04-09,ACC-7804,Hartley Landscaping Ltd,Rent for regional office — November 2025,-5441959.99,USD,-5441959.99,0,,,
TXN-P1-0003,P1,2025-04-11,ACC-7801,Ashford Supply Group Company,Default interest charge — Kyzylorda station,-237578.58,USD,-237578.58,0,,,
TXN-P1-0054,P1,2025-04-11,ACC-7801,Ironwood Insurance LLC (Semey base),Vehicle tax payment — Ekibastuz block B,-9798966.39,USD,-9798966.39,0,,,
TXN-B4-0044,B4,2025-04-12,ACC-7204,Ashford Uniforms Associates,Rent for training centre — Ekibastuz block B 2025,-1443998.23,USD,-1443998.23,0,,,
TXN-P10-0024,P10,2025-04-12,ACC-7810,Cedarville Waste Systems Inc Partners (Karaganda yard),Interest on trade facility — Taraz site,-554670.12,USD,-554670.12,0,,,
TXN-P10-0036,P10,2025-04-12,ACC-7810,Kingsley Tax Advisory,Marketing photography and artwork — Uralsk annex 2025,-14351927.14,USD,-14351927.14,0,,,
TXN-P2-0035,P2,2025-04-12,ACC-7802,Cedarville Landscaping Partners (Karaganda yard),"Warehouse contents insurance — Kostanay centre, November 2025",-2241407.97,USD,-2241407.97,0,,,
TXN-P4-0055,P4,2025-04-12,ACC-7804,Glenwood Catering Group,Corporate income tax instalment — January,-130150.18,USD,-130150.18,0,,,
TXN-P8-0008,P8,2025-04-12,ACC-7808,Bridgeport Power Corp (Taraz site),Excise tax payment — December,-14664945.37,USD,-14664945.37,0,,,
TXN-P8-0055,P8,2025-04-12,ACC-7808,Juniper Logistics Solutions JSC (Karaganda yard),Office rent — Shymkent depot,-412328.26,USD,-412328.26,0,,,
TXN-P9-0013,P9,2025-04-14,ACC-7809,Foxridge Cleaning Co (Taraz site),Unearned insurance premium return — Semey base 2025,1159582.85,USD,1159582.85,0,,,
TXN-P1-0055,P1,2025-04-15,ACC-7801,Ashford Supply Group Company,Trade press marketing insertion,-9623763.9,USD,-9623763.9,0,,,
TXN-P6-0041,P6,2025-04-16,ACC-7806,Taraz Kiln Services LLP,Kiln servicing and operating costs 2025,-4204663.19,USD,-4204663.19,0,,,
TXN-B1-0007,B1,2025-04-17,ACC-7201,Glenwood Security Partners Group (Atyrau terminal),Regional marketing campaign production — Almaty office,-4274240.02,USD,-4274240.02,0,,,
TXN-P1-0023,P1,2025-04-18,ACC-7801,Bridgeport Consulting Group (Kostanay centre),Quarterly estimated tax — Kyzylorda station 2025,-16437674.68,USD,-16437674.68,0,,,
TXN-B1-0018,B1,2025-04-19,ACC-7201,Hartley Catering LP Supply,Depot yard rent — Pavlodar block,-1832832.89,USD,-1832832.89,0,,,
TXN-P6-0014,P6,2025-04-19,ACC-7806,Hartley Supply Service Centre (Atyrau terminal),Cold store lease — instalment 1,-322203.44,USD,-322203.44,0,,,
TXN-P7-0019,P7,2025-04-20,ACC-7807,Riverside Realty Trust,Office rent — July,-250594.53,USD,-250594.53,0,,,
TXN-P7-0010,P7,2025-04-21,ACC-7807,State Revenue Committee,Corporate income tax instalment 2025,-402118.64,USD,-402118.64,0,,,
TXN-P9-0024,P9,2025-04-22,ACC-7809,Bridgeport Building Services Inc,"Professional indemnity insurance — Almaty office, period 01 2025",-2416937.23,USD,-2416937.23,0,,,
TXN-P2-0036,P2,2025-04-23,ACC-7802,Ural Refrigeration Works LLP,Purchase of blast freezer equipment,-3204881.55,USD,-3204881.55,0,,,
TXN-P10-0040,P10,2025-04-24,ACC-7810,Cedarville Landscaping Partners (Kostanay centre),Industry exhibition stand marketing — Zhezkazgan compound,-9073805.6,USD,-9073805.6,0,,,
TXN-P2-0053,P2,2025-04-25,ACC-7802,Juniper Property Services (Taraz site),"Marketing volume rebate — Semey base, April",2003454.47,USD,2003454.47,0,,,
TXN-B4-0017,B4,2025-04-26,ACC-7204,Hartley Consulting LLC (Taraz site),Tax penalty settlement charge — Kostanay centre,-208965.57,USD,-208965.57,0,,,
TXN-P8-0021,P8,2025-04-26,ACC-7808,Cedarville Cleaning Group,Interest on export credit line — Kyzylorda station,-656000.44,USD,-656000.44,0,,,
TXN-B1-0047,B1,2025-04-27,ACC-7201,Juniper Cleaning (Semey base),Depot yard rent — H1 2025,-13167834.89,USD,-13167834.89,0,,,
TXN-P4-0019,P4,2025-04-28,ACC-7804,Foxridge Cleaning Co (Zhezkazgan compound),"Telecom mobile fleet plan — Aktobe hub, Q1 2025",-1200898.7,USD,-1200898.7,0,,,
TXN-P5-0006,P5,2025-04-28,ACC-7805,Cedarville Printing Services Partners,Environmental liability insurance,-588857.22,USD,-588857.22,0,,,
TXN-P8-0006,P8,2025-04-29,ACC-7808,Globex Telecom (Kostanay centre),"Travel insurance for staff — Astana branch, instalment 2",-14750061.5,USD,-14750061.5,0,,,
TXN-P8-0028,P8,2025-04-29,ACC-7808,Ashford Cleaning Services (Aktobe hub),"Natural gas utility — Shymkent depot, March",-2203370.15,USD,-2203370.15,0,,,
TXN-P1-0035,P1,2025-04-30,ACC-7801,Bridgeport Telecom Holdings,"Water charge adjustment credit — Kyzylorda station, final call 2025",2149964.79,USD,2149964.79,0,,,
TXN-P10-0035,P10,2025-04-30,ACC-7810,Sterling Office Solutions Supply,"Quarterly interest coupon — Karaganda yard, Q1 2025",-6013823.74,USD,-6013823.74,0,,,
TXN-P7-0027,P7,2025-04-30,ACC-7807,Bridgeport Office Supplies (Almaty office),Payroll for drivers — September,-8988242.94,USD,-8988242.94,0,,,
TXN-P8-0017,P8,2025-04-30,ACC-7808,Hartley Printing Co (Ekibastuz block B),"Environmental emissions tax — Astana branch, H2",-2389464.2,USD,-2389464.2,0,,,
TXN-P10-0025,P10,2025-05-01,ACC-7810,Cedarville Leasing Enterprise,"Marketing photography and artwork — Aktobe hub, period 01",-471290.81,USD,-471290.81,0,,,
TXN-P7-0006,P7,2025-05-01,ACC-7807,Eastgate Leasing Trust Partners (Taraz site),"Interest credited on current account — Oskemen unit, Q3 2025",350168.96,USD,350168.96,0,,,
TXN-P9-0007,P9,2025-05-01,ACC-7809,Cedarville Maintenance Associates Company,Printed marketing collateral run — Uralsk annex,-1560142.52,USD,-1560142.52,0,,,
TXN-B1-0029,B1,2025-05-02,ACC-7201,Ironwood Property Holdings Enterprise,"Point-of-sale marketing materials — Ekibastuz block B, instalment 1",-1083896.21,USD,-1083896.21,0,,,
TXN-P10-0029,P10,2025-05-02,ACC-7810,Glenwood Facilities Holdings (Pavlodar block),"Interest credited on current account — Atyrau terminal, January 2025",2226006.45,USD,2226006.45,0,,,
TXN-P7-0046,P7,2025-05-02,ACC-7807,Glenwood Property Trust (Kostanay centre),Marketing volume rebate — Turkistan point,7530287.69,USD,7530287.69,0,,,
TXN-P2-0025,P2,2025-05-03,ACC-7802,Glenwood Office Supplies Services (Uralsk annex),"Sponsorship marketing of regional sports club — Kostanay centre, instalment 2",-2709060.2,USD,-2709060.2,0,,,
TXN-P4-0033,P4,2025-05-03,ACC-7804,Ashford Consulting Partners Company,Municipal tax levy — Q4,-534014.43,USD,-534014.43,0,,,
TXN-B4-0038,B4,2025-05-04,ACC-7204,Cedarville Supply Corp (Pavlodar block),Overdraft interest — Astana branch,-140831.96,USD,-140831.96,0,,,
TXN-P9-0038,P9,2025-05-04,ACC-7809,Cedarville Insurance Group JSC,"Hourly staff payroll — Ekibastuz block B, instalment 2 2025",-10353895.21,EUR,-12010518.44,0,1.16,,
TXN-B4-0003,B4,2025-05-05,ACC-7204,Foxridge Waste Systems Associates Ltd,"Tax overpayment refunded — Uralsk annex, instalment 3",753049.6,USD,753049.6,0,,,
TXN-P4-0006,P4,2025-05-06,ACC-7804,Glenwood Catering Group (Oskemen unit),Quarterly estimated tax — Kyzylorda station 2025,-2162141.22,USD,-2162141.22,0,,,
TXN-P4-0040,P4,2025-05-06,ACC-7804,Eastgate Realty Associates Works (Almaty office),"Insurance broker rebate — Almaty office, H1 2025",8624275.06,USD,8624275.06,0,,,
TXN-P7-0041,P7,2025-05-06,ACC-7807,Stalwart Mutual Insurance Trading House,Rooftop lease — Zhezkazgan compound,-1088379.48,USD,-1088379.48,0,,,
TXN-P3-0024,P3,2025-05-07,ACC-7803,Rheinland Katalyse Service GmbH,Catalyst regeneration servicing contract,-612884.25,EUR,-710945.73,0,1.16,,
TXN-P6-0019,P6,2025-05-07,ACC-7806,Ashford Realty Ltd (Shymkent depot),"Insurance deductible recovery — Karaganda yard, instalment 1",1508915.83,USD,1508915.83,0,,,
TXN-P10-0055,P10,2025-05-08,ACC-7810,Karaganda Distribution Group JSC,Warehouse handling sales settlement 2025,7204882.16,USD,7204882.16,0,,,
TXN-P9-0055,P9,2025-05-08,ACC-7809,Dunmore Stationery Inc Supply (Oskemen unit),"Marketing overbilling refund — Kostanay centre, November",1579816.38,USD,1579816.38,0,,,
TXN-P3-0033,P3,2025-05-09,ACC-7803,Initech Software Licenses (Zhezkazgan compound),Interest income on treasury bills — instalment 3 2025,10156687.58,USD,10156687.58,0,,,
TXN-P6-0006,P6,2025-05-11,ACC-7806,Foxridge Telecom LP Holding (Ekibastuz block B),"Default interest charge — Astana branch, January",-5793220.79,USD,-5793220.79,0,,,
TXN-B1-0020,B1,2025-05-12,ACC-7201,Irtysh Advisory Bureau,Advisory engagement on tariff structuring,-592296.1,USD,-592296.1,0,,,
TXN-P4-0041,P4,2025-05-12,ACC-7804,Ashford Waste Systems Co Service Centre,"Contractor payroll batch — Semey base, instalment 2 2025",-282672.77,USD,-282672.77,0,,,
TXN-B4-0021,B4,2025-05-14,ACC-7204,Atyrau Pipeline Engineering LLP,Purchase of pipeline pumping equipment,-1527726.21,USD,-1527726.21,0,,,
TXN-P8-0015,P8,2025-05-14,ACC-7808,KazMunayGas Exploration JSC,Drilling services sales settlement 2025,7884663.19,USD,7884663.19,0,,,
TXN-P3-0005,P3,2025-05-15,ACC-7803,Juniper Supply Trust (Zhezkazgan compound),"Municipal water charge — Oskemen unit, period 03",-383631.48,USD,-383631.48,0,,,
TXN-P10-0049,P10,2025-05-16,ACC-7810,Juniper Logistics Solutions (Astana branch),Customer newsletter marketing production — H2,-6085007.92,USD,-6085007.92,0,,,
TXN-B4-0028,B4,2025-05-17,ACC-7204,Foxridge Payroll Ltd Group (Shymkent depot),Equipment yard lease — Pavlodar block 2025,-209971.26,USD,-209971.26,0,,,
TXN-B1-0008,B1,2025-05-20,ACC-7201,Dunmore Janitorial Services Works,Withholding tax remittance 2025,-543539.55,USD,-543539.55,0,,,
TXN-P1-0010,P1,2025-05-21,ACC-7801,Ural Crane Works LLP,Purchase of quayside crane equipment,-1842006.44,USD,-1842006.44,0,,,
TXN-P6-0049,P6,2025-05-22,ACC-7806,Hartley Courier Corp Works,Quarterly interest coupon — Semey base,-378905.34,USD,-378905.34,0,,,
TXN-P7-0051,P7,2025-05-22,ACC-7807,Dunmore Power Ltd (Oskemen unit),Payroll advance recovered from staff — Uralsk annex 2025,11159559.34,EUR,12945088.83,0,1.16,,
TXN-P3-0052,P3,2025-05-23,ACC-7803,Cedarville Uniforms Solutions Ltd,"Corporate brand marketing programme — Ekibastuz block B, March",-228635.3,USD,-228635.3,0,,,
TXN-P5-0047,P5,2025-05-23,ACC-7805,Juniper Logistics Solutions (Kostanay centre),Utility metering charge — H1 2025,-4821170.88,EUR,-5592558.22,0,1.16,,
TXN-P9-0001,P9,2025-05-23,ACC-7809,Juniper Cleaning (Turkistan point),"Cold store lease — Ekibastuz block B, H1 2025",-4862428.02,USD,-4862428.02,0,,,
TXN-P2-0052,P2,2025-05-24,ACC-7802,Dunmore Utility Inc (Zhezkazgan compound),"Quarterly interest coupon — Karaganda yard, Q1 2025",-11545820.91,USD,-11545820.91,0,,,
TXN-B4-0006,B4,2025-05-25,ACC-7204,Juniper Realty Partners (Atyrau terminal),Seasonal payroll run — Q3,-337734.89,USD,-337734.89,0,,,
TXN-P8-0014,P8,2025-05-25,ACC-7808,Bridgeport Payroll Group Company,Construction all-risk insurance — Q3 2025,-600603.54,USD,-600603.54,0,,,
TXN-P10-0057,P10,2025-05-26,ACC-7810,Ironwood Security LP (Shymkent depot),Regional marketing campaign production — Atyrau terminal,-4695681.52,EUR,-5446990.56,0,1.16,,
TXN-P3-0046,P3,2025-05-26,ACC-7803,Ironwood Insurance LLC,"Utility rebate received — Ekibastuz block B, Q4 2025",2729387.09,USD,2729387.09,0,,,
TXN-P5-0031,P5,2025-05-27,ACC-7805,Pavlodar Plant Services LLP,Turbine hall servicing and operating costs 2025,-5902447.13,USD,-5902447.13,0,,,
TXN-P9-0048,P9,2025-05-27,ACC-7809,Bridgeport Telecom Holdings JSC (Kostanay centre),"Electricity network capacity charge — Kyzylorda station, March",-2310249.16,USD,-2310249.16,0,,,
TXN-P2-0010,P2,2025-05-30,ACC-7802,Foxridge Security Services (Kyzylorda station),Water supply charge — October,-2085018.52,USD,-2085018.52,0,,,
TXN-P5-0023,P5,2025-05-31,ACC-7805,Cedarville Facilities LLP,"Trade press marketing insertion — Semey base, H1",-1138417.23,USD,-1138417.23,0,,,
TXN-P6-0015,P6,2025-05-31,ACC-7806,Ashford Janitorial Trust (Almaty office),Warehouse lease,-412793.66,USD,-412793.66,0,,,
TXN-P6-0030,P6,2025-05-31,ACC-7806,Glenwood Courier LP JSC (Atyrau terminal),"Rent for regional office — Kyzylorda station, period 01 2025",-462362.61,USD,-462362.61,0,,,
TXN-P9-0044,P9,2025-05-31,ACC-7809,City Power & Light (Astana branch),Revolver interest — December 2025,-3688611.83,USD,-3688611.83,0,,,
TXN-B1-0005,B1,2025-06-01,ACC-7201,Foxridge Supply Inc,"Franchise tax filing — Kyzylorda station, May",-791398.17,USD,-791398.17,0,,,
TXN-P1-0033,P1,2025-06-01,ACC-7801,Ironwood Waste Systems Holdings (Pavlodar block),Cyber insurance premium — period 02 2025,-367648.64,USD,-367648.64,0,,,
TXN-P5-0030,P5,2025-06-01,ACC-7805,Glenwood Realty Solutions Enterprise,"Unused ad campaign budget returned — Taraz site, August 2025",1813871.42,USD,1813871.42,0,,,
TXN-P3-0026,P3,2025-06-02,ACC-7803,Cedarville Leasing (Karaganda yard),Outdoor marketing site hire — October 2025,-1755396.91,USD,-1755396.91,0,,,
TXN-P4-0025,P4,2025-06-02,ACC-7804,Ilek Restoration Works LLP,Flood remediation and silo repair works,-481247.63,USD,-481247.63,0,,,
TXN-P6-0011,P6,2025-06-03,ACC-7806,Bridgeport Leasing LLC,Interest true-up charge — July,-6874501.52,USD,-6874501.52,0,,,
TXN-P6-0055,P6,2025-06-03,ACC-7806,Ironwood Maintenance Group Holding,Tax assessment reversal 2025,969224.15,USD,969224.15,0,,,
TXN-P10-0017,P10,2025-06-04,ACC-7810,Tengiz Risk Engineering Bureau,Warehouse risk survey servicing 2025,-142118.64,USD,-142118.64,0,,,
TXN-P1-0021,P1,2025-06-06,ACC-7801,Kingsley Property Partners,Payroll for administrative staff — Aktobe hub 2025,-715630.22,USD,-715630.22,0,,,
TXN-P4-0045,P4,2025-06-06,ACC-7804,Dunmore Courier Services JSC,"Revolver interest — Ekibastuz block B, instalment 2",-1391968.36,USD,-1391968.36,0,,,
TXN-P6-0001,P6,2025-06-06,ACC-7806,Fairfield Leasing Partners Ltd (Kyzylorda station),Group medical insurance premium — Shymkent depot,-228711.35,USD,-228711.35,0,,,
TXN-P9-0032,P9,2025-06-06,ACC-7809,Bridgeport Janitorial Solutions (Karaganda yard),Electricity overbilling refund — Zhezkazgan compound 2025,6150985.43,USD,6150985.43,0,,,
TXN-P10-0031,P10,2025-06-07,ACC-7810,Glenwood Power,"Corporate brand marketing programme — Zhezkazgan compound, Q4 2025",-6519514.97,USD,-6519514.97,0,,,
TXN-P5-0014,P5,2025-06-07,ACC-7805,Ashford Maintenance LLC (Zhezkazgan compound),"Interest rebate on early repayment — Uralsk annex, December",235761.83,USD,235761.83,0,,,
TXN-P1-0024,P1,2025-06-08,ACC-7801,Cedarville Payroll LP Enterprise (Turkistan point),Regional marketing campaign production — Pavlodar block,-360127.31,USD,-360127.31,0,,,
TXN-P6-0039,P6,2025-06-08,ACC-7806,Foxridge Insurance Co,Corporate brand marketing programme — June,-7250114.44,USD,-7250114.44,0,,,
TXN-B4-0005,B4,2025-06-09,ACC-7204,Foxridge Cleaning Co,Fidelity bond insurance — August,-2649671.17,USD,-2649671.17,0,,,
TXN-P2-0054,P2,2025-06-09,ACC-7802,Hartley Power Associates Company,Auto fleet insurance — Almaty office 2025,-248898.41,USD,-248898.41,0,,,
TXN-P8-0048,P8,2025-06-10,ACC-7808,Ashford Tax Advisory Holdings (Almaty office),"Trade press marketing insertion — Almaty office, Q2 2025",-337300.48,USD,-337300.48,0,,,
TXN-P8-0049,P8,2025-06-10,ACC-7808,Juniper Telecom Inc (Karaganda yard),"Interest recovery on overpayment — Atyrau terminal, December 2025",447798.93,USD,447798.93,0,,,
TXN-B1-0037,B1,2025-06-11,ACC-7201,Ashford Insurance Services,"Rent for training centre — Almaty office, August",-4540095.35,USD,-4540095.35,0,,,
TXN-P10-0003,P10,2025-06-11,ACC-7810,Hartley Realty Holdings Company,Media buy rate adjustment credit — Taraz site,102465.77,USD,102465.77,0,,,
TXN-P7-0032,P7,2025-06-11,ACC-7807,KazTransOil Trunk Systems JSC,Pipeline transit sales settlement 2025,9146882.53,USD,9146882.53,0,,,
TXN-P3-0014,P3,2025-06-13,ACC-7803,Hartley Utility Trust (Aktobe hub),Tax audit assessment payment — Ekibastuz block B 2025,-786416.28,USD,-786416.28,0,,,
TXN-B4-0047,B4,2025-06-14,ACC-7204,Foxridge Insurance Co (Zhezkazgan compound),"Environmental emissions tax — Oskemen unit, June 2025",-7575422.84,USD,-7575422.84,0,,,
TXN-P1-0036,P1,2025-06-14,ACC-7801,Glenwood Facilities Holdings Works (Karaganda yard),"Trade press marketing insertion — Semey base, Q1",-428818.65,USD,-428818.65,0,,,
TXN-P9-0004,P9,2025-06-14,ACC-7809,Foxridge Waste Systems Associates (Atyrau terminal),"Electricity network capacity charge — Kostanay centre, February",-1171613.5,USD,-1171613.5,0,,,
TXN-P2-0014,P2,2025-06-15,ACC-7802,Eastgate Office Supplies Solutions,"Equipment yard lease — Kyzylorda station, instalment 2 2025",-2708057.37,USD,-2708057.37,0,,,
TXN-P5-0005,P5,2025-06-15,ACC-7805,Ashford Tax Advisory Holdings Company,Telecom leased line — Oskemen unit 2025,-492990.46,USD,-492990.46,0,,,
TXN-P2-0023,P2,2025-06-16,ACC-7802,Fairfield Leasing Partners (Uralsk annex),"Rooftop lease — Almaty office, October 2025",-211784.77,USD,-211784.77,0,,,
TXN-P3-0029,P3,2025-06-16,ACC-7803,Cedarville Leasing (Karaganda yard),Digital media buy — search — September,-3728972.76,USD,-3728972.76,0,,,
TXN-B1-0016,B1,2025-06-17,ACC-7201,Foxridge Cleaning Co (Almaty office),Excise tax remittance — Q1,-1950365.39,USD,-1950365.39,0,,,
TXN-P1-0042,P1,2025-06-17,ACC-7801,Mangystau Berth Services LLP,Berth servicing and operating costs 2025,-3104882.61,USD,-3104882.61,0,,,
TXN-B4-0046,B4,2025-06-18,ACC-7204,Juniper Payroll Associates JSC,"Municipal water charge — Turkistan point, H2",-1891463.6,USD,-1891463.6,0,,,
TXN-P10-0056,P10,2025-06-18,ACC-7810,Ironwood Stationery Solutions,"Interest on subordinated notes — Shymkent depot, February",-4902905.23,USD,-4902905.23,0,,,
TXN-B1-0044,B1,2025-06-19,ACC-7201,Ashford Power LP (Shymkent depot),"Lease incentive received — Astana branch, September 2025",208288.37,USD,208288.37,0,,,
TXN-B4-0049,B4,2025-06-19,ACC-7204,Cedarville Office Supplies Associates (Oskemen unit),"Rent deposit returned — Pavlodar block, Q2 2025",3677627.81,EUR,4266048.26,0,1.16,,
TXN-P5-0017,P5,2025-06-20,ACC-7805,Cedarville Waste Systems Inc,"Equipment yard lease — Ekibastuz block B, instalment 3",-1820587.83,USD,-1820587.83,0,,,
TXN-P4-0004,P4,2025-06-21,ACC-7804,Bridgeport Power Corp Trading House,"Trade press marketing insertion — Almaty office, Q2 2025",-386521.16,USD,-386521.16,0,,,
TXN-P7-0029,P7,2025-06-21,ACC-7807,Initech Software Licenses Company (Astana branch),Ground lease instalment 2025,-783998.76,USD,-783998.76,0,,,
TXN-B1-0035,B1,2025-06-24,ACC-7201,Bridgeport Tax Advisory Services Works,Warehouse contents insurance — Almaty office,-9975348.37,USD,-9975348.37,0,,,
TXN-P3-0028,P3,2025-06-24,ACC-7803,Shymkent Plant Services LLP,Plant servicing and operating costs 2025,-4218006.51,USD,-4218006.51,0,,,
TXN-P5-0034,P5,2025-06-24,ACC-7805,Beacon Tax Advisors (Aktobe hub),Telecom mobile fleet plan — December 2025,-1583057.76,USD,-1583057.76,0,,,
TXN-B4-0015,B4,2025-06-25,ACC-7204,Shymkent Fuel Distributors LLP,Refinery product sales settlement second quarter,1943580.97,USD,1943580.97,0,,,
TXN-P1-0044,P1,2025-06-25,ACC-7801,Fairfield Leasing Partners,"Revolver interest — Zhezkazgan compound, August 2025",-5732393.39,USD,-5732393.39,0,,,
TXN-P3-0020,P3,2025-06-25,ACC-7803,Foxridge Payroll Ltd (Pavlodar block),"Property tax rebate — Uralsk annex, Q3 2025",1625020.42,USD,1625020.42,0,,,
TXN-P3-0050,P3,2025-06-25,ACC-7803,Hartley Consulting LLC (Semey base),Cold store lease — July 2025,-2189408.24,USD,-2189408.24,0,,,
TXN-P9-0035,P9,2025-06-26,ACC-7809,Ural Haul Systems LLP,Purchase of haul truck equipment,-1204663.28,USD,-1204663.28,0,,,
TXN-P3-0016,P3,2025-06-27,ACC-7803,Eastgate Catering Services Enterprise (Kostanay centre),Insurance claim reimbursement — Shymkent depot 2025,1644942.02,USD,1644942.02,0,,,
TXN-P4-0022,P4,2025-06-27,ACC-7804,Bridgeport Building Services Inc Holding,Hourly staff payroll — Shymkent depot,-13147917.01,USD,-13147917.01,0,,,
TXN-P2-0032,P2,2025-06-28,ACC-7802,Dunmore Janitorial Services,"Equipment yard lease — Turkistan point, May 2025",-418971.2,USD,-418971.2,0,,,
TXN-P2-0046,P2,2025-06-28,ACC-7802,Capital Stationers (Astana branch),Payroll agency rebate — Aktobe hub 2025,617744.38,USD,617744.38,0,,,
TXN-P10-0005,P10,2025-06-29,ACC-7810,Dunmore Consulting Corp (Turkistan point),Interest income on term deposit — Karaganda yard,171985.87,USD,171985.87,0,,,
TXN-P3-0017,P3,2025-06-29,ACC-7803,Ironwood Payroll Trading House (Almaty office),Utility metering charge — Aktobe hub,-2596172.03,USD,-2596172.03,0,,,
TXN-B1-0023,B1,2025-06-30,ACC-7201,Pavlodar Plant Services LLP,Plant operating and maintenance expenses,-6166592.66,USD,-6166592.66,0,,,
TXN-B1-0045,B1,2025-06-30,ACC-7201,Eastgate Property Service Centre,Marketing overbilling refund — November,1941069.25,USD,1941069.25,0,,,
TXN-P2-0009,P2,2025-06-30,ACC-7802,Almaty Chill Logistics LLP,Cold store servicing and operating costs 2025,-5918004.37,USD,-5918004.37,0,,,
TXN-P2-0038,P2,2025-06-30,ACC-7802,Eastgate Office Supplies Solutions,Payroll advance recovered from staff — October 2025,1406628.57,USD,1406628.57,0,,,
TXN-P4-0024,P4,2025-06-30,ACC-7804,Ashford Maintenance LLC Service Centre,"VAT instalment — Uralsk annex, Q4 2025",-329065.77,USD,-329065.77,0,,,
TXN-P10-0058,P10,2025-07-01,ACC-7810,Dunmore Utility Inc Group,Industry exhibition stand marketing — instalment 3 2025,-353541.29,USD,-353541.29,0,,,
TXN-P9-0036,P9,2025-07-01,ACC-7809,Hartley Consulting LLC,Revolver interest — Zhezkazgan compound 2025,-3066892.61,USD,-3066892.61,0,,,
TXN-P1-0056,P1,2025-07-02,ACC-7801,Dunmore Insurance LP (Astana branch),Industry exhibition stand marketing — Turkistan point,-6407989.14,USD,-6407989.14,0,,,
TXN-P3-0011,P3,2025-07-03,ACC-7803,Bridgeport Payroll Group,"Corporate income tax instalment — Oskemen unit, May 2025",-4276964.85,USD,-4276964.85,0,,,
TXN-P4-0003,P4,2025-07-03,ACC-7804,Ironwood Consulting,"Telecom mobile fleet plan — Taraz site, January 2025",-1197501.59,USD,-1197501.59,0,,,
TXN-P6-0031,P6,2025-07-03,ACC-7806,Zhambyl Construction Supply JSC,Cement despatch sales settlement 2025,6918204.37,USD,6918204.37,0,,,
TXN-B4-0051,B4,2025-07-04,ACC-7204,Dunmore Printing Partners (Ekibastuz block B),"Default interest charge — Pavlodar block, H1 2025",-10662291.32,USD,-10662291.32,0,,,
TXN-P4-0035,P4,2025-07-04,ACC-7804,Dunmore Realty (Uralsk annex),Insurance broker rebate — Atyrau terminal,9095881.9,USD,9095881.9,0,,,
TXN-B4-0002,B4,2025-07-05,ACC-7204,Glenwood Power (Almaty office),Rent for archive premises 2025,-10554084.92,USD,-10554084.92,0,,,
TXN-P10-0045,P10,2025-07-05,ACC-7810,Ashford Power LP (Turkistan point),"Quarterly interest coupon — Zhezkazgan compound, October",-1692135.44,USD,-1692135.44,0,,,
TXN-P5-0018,P5,2025-07-05,ACC-7805,Kingsley Tax Advisory Service Centre,Business interruption insurance — Kyzylorda station,-481847.14,USD,-481847.14,0,,,
TXN-P9-0019,P9,2025-07-07,ACC-7809,Eastgate Payroll Co (Turkistan point),Cyber insurance premium,-2546037.24,USD,-2546037.24,0,,,
TXN-B4-0009,B4,2025-07-08,ACC-7204,Kazyna Capital LLP,Management retainer fee,-303949.09,USD,-303949.09,0,,,
TXN-P4-0008,P4,2025-07-08,ACC-7804,Riverside Realty Trust (Aktobe hub),"Property insurance premium — Zhezkazgan compound, period 04",-1089098.65,USD,-1089098.65,0,,,
TXN-P5-0001,P5,2025-07-08,ACC-7805,Dunmore Maintenance Trust (Ekibastuz block B),"Interest on finance sublease — Karaganda yard, August",-168229.01,USD,-168229.01,0,,,
TXN-P1-0031,P1,2025-07-09,ACC-7801,Aktau Holdings L.L.P.,Management advisory retainer,-283664.18,USD,-283664.18,0,,,
TXN-P5-0027,P5,2025-07-12,ACC-7805,Glenwood Water Works LLC (Aktobe hub),"Standby generator electricity — Uralsk annex, final call",-473767.96,USD,-473767.96,0,,,
TXN-P6-0035,P6,2025-07-14,ACC-7806,Foxridge Telecom LP (Turkistan point),Point-of-sale marketing materials — Kyzylorda station 2025,-659026.99,USD,-659026.99,0,,,
TXN-B1-0033,B1,2025-07-15,ACC-7201,Halyk Bank of Kazakhstan JSC,Loan interest payment second quarter,-1540833.29,USD,-1540833.29,0,,,
TXN-B4-0037,B4,2025-07-15,ACC-7204,Hartley Tax Advisory Ltd,"Depot yard rent — Atyrau terminal, June",-3884663.27,USD,-3884663.27,0,,,
TXN-P2-0040,P2,2025-07-15,ACC-7802,Tien Shan Advisory Bureau,Advisory engagement on depot operations,-1104663.28,USD,-1104663.28,0,,,
TXN-P3-0031,P3,2025-07-15,ACC-7803,Cedarville Water Works Corp (Pavlodar block),Point-of-sale marketing materials — Karaganda yard,-8490398.35,USD,-8490398.35,0,,,
TXN-B1-0025,B1,2025-07-16,ACC-7201,Kingsley Insurance Associates (Aktobe hub),Marketing co-operative funding received — H1 2025,7126963.03,USD,7126963.03,0,,,
TXN-P1-0048,P1,2025-07-17,ACC-7801,Hartley Building Services Holdings (Turkistan point),Excise tax payment 2025,-6335501.35,USD,-6335501.35,0,,,
TXN-P4-0009,P4,2025-07-17,ACC-7804,Bridgeport Water Works LP (Pavlodar block),Radio ad campaign schedule — October,-1450062.9,USD,-1450062.9,0,,,
TXN-P7-0004,P7,2025-07-19,ACC-7807,Glenwood Stationery Associates (Shymkent depot),"Rent for staff dormitory — Zhezkazgan compound, instalment 2",-194993.73,USD,-194993.73,0,,,
TXN-P9-0040,P9,2025-07-19,ACC-7809,Ulytau Capital LLP,Management advisory retainer,-268447.19,USD,-268447.19,0,,,
TXN-P9-0052,P9,2025-07-19,ACC-7809,Ashford Tax Advisory Holdings Trading House (Ekibastuz block B),Capitalised interest charge — Astana branch,-2020740.39,USD,-2020740.39,0,,,
TXN-P5-0045,P5,2025-07-21,ACC-7805,Ironwood Realty Services (Uralsk annex),Customer newsletter marketing production — Turkistan point,-253926.1,USD,-253926.1,0,,,
TXN-P9-0006,P9,2025-07-21,ACC-7809,Ashford Facilities Inc Group,Ground lease instalment — January,-995146.56,USD,-995146.56,0,,,
TXN-P9-0009,P9,2025-07-21,ACC-7809,Juniper Janitorial Ltd Company,Office rent — Taraz site 2025,-4454367.27,USD,-4454367.27,0,,,
TXN-P9-0047,P9,2025-07-21,ACC-7809,Eastgate Security Holdings,"Interest on bilateral facility — Uralsk annex, H2 2025",-2950277.64,USD,-2950277.64,0,,,
TXN-P10-0051,P10,2025-07-22,ACC-7810,Bridgeport Waste Systems Ltd LLP,"Radio ad campaign schedule — Ekibastuz block B, H2",-1931018.29,USD,-1931018.29,0,,,
TXN-P4-0001,P4,2025-07-22,ACC-7804,Zhaiyk Dredging LLP,Berth silt cleaning and clearance works,-251338.94,USD,-251338.94,0,,,
TXN-P4-0027,P4,2025-07-22,ACC-7804,Ashford Facilities Inc (Ekibastuz block B),Rent for training centre — December,-175317.45,USD,-175317.45,0,,,
TXN-P2-0024,P2,2025-07-23,ACC-7802,Glenwood Stationery Associates,Telecom services — Uralsk annex 2025,-2530653.81,USD,-2530653.81,0,,,
TXN-P9-0050,P9,2025-07-24,ACC-7809,Hartley Realty Holdings Partners,Fidelity bond insurance — April,-5200652.58,USD,-5200652.58,0,,,
TXN-P2-0011,P2,2025-07-26,ACC-7802,Bridgeport Maintenance,"Radio ad campaign schedule — Uralsk annex, Q3",-10753717.14,USD,-10753717.14,0,,,
TXN-P7-0011,P7,2025-07-26,ACC-7807,Ironwood Realty Services Holding,Payroll for night shift — Q1,-209806.28,USD,-209806.28,0,,,
TXN-P7-0052,P7,2025-07-26,ACC-7807,Juniper Property Services (Astana branch),"Lease incentive received — Oskemen unit, August 2025",480144.23,USD,480144.23,0,,,
TXN-P5-0015,P5,2025-07-27,ACC-7805,Juniper Telecom Inc (Turkistan point),"Workers comp insurance — Atyrau terminal, November",-739003.21,USD,-739003.21,0,,,
TXN-P5-0038,P5,2025-07-27,ACC-7805,Ashford Tax Advisory Holdings Company,Sublet rent received — Q4,2115841.63,USD,2115841.63,0,,,
TXN-P8-0040,P8,2025-07-27,ACC-7808,Juniper Landscaping LLC,"Quarterly estimated tax — Almaty office, December",-819861.31,USD,-819861.31,0,,,
TXN-P1-0053,P1,2025-07-28,ACC-7801,Glenwood Utility Associates,Electricity for pumping station 2025,-2554455.78,USD,-2554455.78,0,,,
TXN-P2-0045,P2,2025-07-28,ACC-7802,Eastgate Landscaping LP Works,"Withholding tax remittance — Kyzylorda station, February 2025",-296053.42,USD,-296053.42,0,,,
TXN-P7-0056,P7,2025-07-28,ACC-7807,Ashford Printing Solutions Service Centre,Interest on finance sublease — May 2025,-422679.64,USD,-422679.64,0,,,
TXN-B1-0038,B1,2025-07-29,ACC-7201,Foxridge Property Associates (Kyzylorda station),Tax assessment reversal — October,1176366.08,EUR,1364584.65,0,1.16,,
TXN-P6-0024,P6,2025-07-29,ACC-7806,Ironwood Courier Co (Uralsk annex),Equipment yard lease — May 2025,-5904723.65,USD,-5904723.65,0,,,
TXN-P6-0038,P6,2025-07-29,ACC-7806,Glenwood Security Partners,"Rent for spare parts store — Oskemen unit, H2 2025",-414120.52,USD,-414120.52,0,,,
TXN-P6-0054,P6,2025-07-29,ACC-7806,Eastgate Janitorial Partners (Uralsk annex),"Insurance broker rebate — Semey base, H1 2025",1516332.49,USD,1516332.49,0,,,
TXN-P6-0042,P6,2025-07-30,ACC-7806,Cedarville Utility Ltd (Astana branch),Franchise tax filing — Astana branch,-13977254.83,EUR,-16213615.6,0,1.16,,
TXN-P8-0030,P8,2025-07-30,ACC-7808,Ural Rig Manufacturing LLP,Purchase of drilling rig equipment,-1918204.36,USD,-1918204.36,0,,,
TXN-B4-0013,B4,2025-07-31,ACC-7204,Hartley Utility Trust (Almaty office),"Digital media buy — search — Kyzylorda station, February",-4256600.29,USD,-4256600.29,0,,,
TXN-P3-0038,P3,2025-08-01,ACC-7803,Eastgate Landscaping LP,"Payroll accrual funding — Uralsk annex, June 2025",-4413158.15,USD,-4413158.15,0,,,
TXN-P6-0037,P6,2025-08-01,ACC-7806,Hartley Power Associates (Aktobe hub),"Environmental liability insurance — Oskemen unit, H1",-630356.25,USD,-630356.25,0,,,
TXN-P4-0057,P4,2025-08-02,ACC-7804,Foxridge Janitorial Group Company,"Interest on trade facility — Kostanay centre, instalment 1 2025",-451994.51,USD,-451994.51,0,,,
TXN-B1-0010,B1,2025-08-03,ACC-7201,Eastgate Payroll Co JSC,"Antenna mast lease — Pavlodar block, Q2 2025",-1411145.48,USD,-1411145.48,0,,,
TXN-P4-0044,P4,2025-08-04,ACC-7804,Hartley Facilities Services,Printed marketing collateral run — H2 2025,-173405.98,USD,-173405.98,0,,,
TXN-P5-0012,P5,2025-08-04,ACC-7805,Cedarville Property Inc (Kostanay centre),Rent deposit returned,493698.57,USD,493698.57,0,,,
TXN-B1-0053,B1,2025-08-05,ACC-7201,Eastgate Utility LLC,"Lease deposit released — Oskemen unit, instalment 2",2448170.56,USD,2448170.56,0,,,
TXN-B4-0041,B4,2025-08-05,ACC-7204,Foxridge Payroll Ltd (Pavlodar block),Rent for training centre — Ekibastuz block B 2025,-2884401.48,USD,-2884401.48,0,,,
TXN-P3-0001,P3,2025-08-05,ACC-7803,Turan Capital LLP,Management advisory retainer,-264117.82,USD,-264117.82,0,,,
TXN-P7-0001,P7,2025-08-05,ACC-7807,Eastgate Catering Services Works,Interest income on treasury bills — Zhezkazgan compound 2025,2044034.58,USD,2044034.58,0,,,
TXN-B4-0025,B4,2025-08-06,ACC-7204,Crown City Water Board (Astana branch),Construction all-risk insurance — Shymkent depot,-957136.92,USD,-957136.92,0,,,
TXN-B4-0040,B4,2025-08-06,ACC-7204,Juniper Printing Inc,Storage unit rent — Q4 2025,-452734.56,USD,-452734.56,0,,,
TXN-P7-0047,P7,2025-08-06,ACC-7807,Atyrau Energy Supply JSC,Electricity supply charges 2025,-91447.35,USD,-91447.35,0,,,
TXN-P9-0037,P9,2025-08-06,ACC-7809,Bridgeport Stationery Co (Atyrau terminal),"Environmental emissions tax — Aktobe hub, July 2025",-813144.97,USD,-813144.97,0,,,
TXN-P9-0053,P9,2025-08-06,ACC-7809,Ironwood Building Services Services (Uralsk annex),"Customer newsletter marketing production — Zhezkazgan compound, September",-5905387.59,USD,-5905387.59,0,,,
TXN-P8-0022,P8,2025-08-07,ACC-7808,Capital Stationers Enterprise,Insurance broker rebate,1336879.34,USD,1336879.34,0,,,
TXN-P8-0045,P8,2025-08-07,ACC-7808,Ashford Courier Trust (Aktobe hub),Utility deposit returned — Atyrau terminal,1763809.47,USD,1763809.47,0,,,
TXN-P7-0045,P7,2025-08-08,ACC-7807,Foxridge Consulting Ltd (Astana branch),Business interruption insurance — H1 2025,-2500083.92,USD,-2500083.92,0,,,
TXN-B1-0052,B1,2025-08-09,ACC-7201,Ashford Cleaning Services Partners,Rent overpayment refunded — February,317985.3,USD,317985.3,0,,,
TXN-P1-0040,P1,2025-08-09,ACC-7801,Hartley Building Services Holdings (Turkistan point),Motor third-party insurance 2025,-4159259.63,USD,-4159259.63,0,,,
TXN-P2-0027,P2,2025-08-10,ACC-7802,Bridgeport Building Services Inc Partners,Marketing research panel subscription — December 2025,-3128248.17,USD,-3128248.17,0,,,
TXN-P1-0045,P1,2025-08-12,ACC-7801,Kaspi Marine Engineering LLP,Quay wall inspection and survey servicing contract,-612884.19,USD,-612884.19,0,,,
TXN-B1-0009,B1,2025-08-13,ACC-7201,Hartley Logistics Associates (Shymkent depot),"Advance profit tax instalment — Shymkent depot, instalment 1 2025",-777155.65,USD,-777155.65,0,,,
TXN-P9-0045,P9,2025-08-13,ACC-7809,Blue Ridge Payroll Services,"Standby generator electricity — Semey base, Q1 2025",-123507.23,USD,-123507.23,0,,,
TXN-B4-0052,B4,2025-08-15,ACC-7204,Ironwood Tax Advisory Inc (Aktobe hub),Electricity overbilling refund — Q3 2025,623285.69,USD,623285.69,0,,,
TXN-P3-0054,P3,2025-08-16,ACC-7803,Juniper Logistics Solutions (Ekibastuz block B),Ground lease instalment — Turkistan point 2025,-5578735.29,USD,-5578735.29,0,,,
TXN-P6-0029,P6,2025-08-16,ACC-7806,Beacon Tax Advisors (Semey base),Directors and officers insurance — Ekibastuz block B 2025,-295096.87,USD,-295096.87,0,,,
TXN-P4-0026,P4,2025-08-17,ACC-7804,Hartley Power Associates LLP,Environmental emissions tax — August 2025,-712038.74,USD,-712038.74,0,,,
TXN-B4-0031,B4,2025-08-19,ACC-7204,Cedarville Courier Holdings (Shymkent depot),Telecom service credit received,6432115.08,USD,6432115.08,0,,,
TXN-P2-0004,P2,2025-08-19,ACC-7802,Juniper Supply Trust Service Centre,"Default interest charge — Shymkent depot, May",-364089.3,USD,-364089.3,0,,,
TXN-P2-0047,P2,2025-08-19,ACC-7802,Juniper Uniforms Co,Environmental emissions tax — H2,-434092.69,USD,-434092.69,0,,,
TXN-P4-0049,P4,2025-08-19,ACC-7804,Ironwood Waste Systems Holdings Company,"Franchise tax filing — Karaganda yard, instalment 1 2025",-6859157.98,USD,-6859157.98,0,,,
TXN-P5-0013,P5,2025-08-19,ACC-7805,KEGOC Grid Operations JSC,Generating capacity availability sales settlement 2025,8214663.28,USD,8214663.28,0,,,
TXN-P6-0028,P6,2025-08-19,ACC-7806,Pioneer Payroll Bureau,Quarterly interest coupon — Q1,-477669.52,USD,-477669.52,0,,,
TXN-B1-0030,B1,2025-08-20,ACC-7201,Ertis Capital LLP,Management advisory retainer,-307018.08,USD,-307018.08,0,,,
TXN-P10-0064,P10,2025-08-21,ACC-7810,Karaganda Energy Supply JSC,Electricity and water utilities supply 2025,-418204.37,USD,-418204.37,0,,,
TXN-P5-0053,P5,2025-08-21,ACC-7805,Ironwood Waste Systems Holdings (Turkistan point),"Marketing agency creative fees — Almaty office, instalment 2",-2474305.62,USD,-2474305.62,0,,,
TXN-P7-0054,P7,2025-08-21,ACC-7807,Juniper Consulting Associates Trading House,"Insurance broker rebate — Semey base, H1 2025",530231.33,USD,530231.33,0,,,
TXN-P1-0019,P1,2025-08-22,ACC-7801,Ironwood Catering Corp (Karaganda yard),Term loan interest — Uralsk annex 2025,-2010790.3,USD,-2010790.3,0,,,
TXN-P3-0043,P3,2025-08-22,ACC-7803,Statewide Tax Authority,Lease incentive received — June,1999985.81,USD,1999985.81,0,,,
TXN-P8-0041,P8,2025-08-22,ACC-7808,Kingsley Utility Services Works,Telecom leased line — Kyzylorda station 2025,-474627.65,EUR,-550568.07,0,1.16,,
TXN-P8-0053,P8,2025-08-23,ACC-7808,Granger Utilities Holding Partners,"Municipal tax levy — Ekibastuz block B, Q1 2025",-980969.76,USD,-980969.76,0,,,
TXN-P10-0039,P10,2025-08-24,ACC-7810,Dunmore Office Supplies Trust (Kostanay centre),"Marketing co-operative funding received — Uralsk annex, period 04 2025",1290329.01,USD,1290329.01,0,,,
TXN-P10-0050,P10,2025-08-24,ACC-7810,Bridgeport Payroll Group (Aktobe hub),Trade press marketing insertion — April,-13084947.11,USD,-13084947.11,0,,,
TXN-P7-0013,P7,2025-08-26,ACC-7807,Dunmore Janitorial Services (Pavlodar block),Warehouse lease — December 2025,-1944353.79,USD,-1944353.79,0,,,
TXN-P9-0002,P9,2025-08-26,ACC-7809,Cedarville Landscaping Partners,Regional marketing campaign production,-152206.6,USD,-152206.6,0,,,
TXN-B1-0003,B1,2025-08-27,ACC-7201,Juniper Printing Inc Ltd (Pavlodar block),Motor third-party insurance — February 2025,-674063.75,USD,-674063.75,0,,,
TXN-P2-0012,P2,2025-08-27,ACC-7802,Zhetysu Capital Partners LLP,Management advisory retainer,-271884.36,USD,-271884.36,0,,,
TXN-P5-0029,P5,2025-08-27,ACC-7805,Eastgate Waste Systems Group (Uralsk annex),Rent overpayment refunded — Karaganda yard,8829255.05,USD,8829255.05,0,,,
TXN-P6-0051,P6,2025-08-27,ACC-7806,Foxridge Payroll Ltd (Karaganda yard),"Accrued interest payment — Atyrau terminal, Q2 2025",-14699557.16,USD,-14699557.16,0,,,
TXN-P7-0053,P7,2025-08-27,ACC-7807,Cedarville Tax Advisory Partners Enterprise (Karaganda yard),"Payroll bonus disbursement — Ekibastuz block B, June",-2187384.84,USD,-2187384.84,0,,,
TXN-B1-0051,B1,2025-08-28,ACC-7201,Ashford Waste Systems Co,"Tax overpayment refunded — Uralsk annex, instalment 3",4465315.58,USD,4465315.58,0,,,
TXN-P5-0050,P5,2025-08-28,ACC-7805,Hartley Stationery Trust,Credit facility interest — Pavlodar block,-2871464.98,USD,-2871464.98,0,,,
TXN-P4-0047,P4,2025-08-29,ACC-7804,Ironwood Payroll,Group insurance experience refund — Semey base,1186007.46,USD,1186007.46,0,,,
TXN-B4-0010,B4,2025-08-30,ACC-7204,Ashford Realty Ltd Enterprise (Ekibastuz block B),Outdoor marketing site hire — Atyrau terminal,-1067182.83,USD,-1067182.83,0,,,
TXN-B4-0055,B4,2025-08-30,ACC-7204,Juniper Consulting Associates (Oskemen unit),"Rent for spare parts store — Aktobe hub, May 2025",-6987897.37,USD,-6987897.37,0,,,
TXN-P4-0051,P4,2025-08-31,ACC-7804,Eastgate Catering Services (Uralsk annex),"Insurance claim reimbursement — Zhezkazgan compound, March",103086.37,USD,103086.37,0,,,
TXN-P1-0046,P1,2025-09-02,ACC-7801,Hartley Maintenance Partners (Atyrau terminal),Unearned insurance premium return — February 2025,3054795.52,USD,3054795.52,0,,,
TXN-P10-0048,P10,2025-09-02,ACC-7810,Glenwood Telecom Corp Ltd,Interest income on treasury bills — Zhezkazgan compound 2025,1427380.72,USD,1427380.72,0,,,
TXN-P4-0023,P4,2025-09-03,ACC-7804,Aral Freight Arbitration Bureau,Demurrage dispute arbitration and legal servicing,-342905.28,USD,-342905.28,0,,,
TXN-P2-0042,P2,2025-09-06,ACC-7802,Ashford Stationery Corp (Kyzylorda station),Group insurance experience refund — H1,411214.48,USD,411214.48,0,,,
TXN-P1-0013,P1,2025-09-07,ACC-7801,Ironwood Printing Ltd (Almaty office),Corporate income tax instalment — June,-986275.52,USD,-986275.52,0,,,
TXN-P4-0046,P4,2025-09-07,ACC-7804,Dunmore Waste Systems LLC (Taraz site),Rent for archive premises — Ekibastuz block B,-9371640.53,USD,-9371640.53,0,,,
TXN-P2-0043,P2,2025-09-08,ACC-7802,Hartley Payroll LLC,"Parking garage lease — Pavlodar block, Q1",-2065898.1,USD,-2065898.1,0,,,
TXN-P3-0009,P3,2025-09-08,ACC-7803,Foxridge Tax Advisory Corp Partners (Karaganda yard),"Interest on finance sublease — Kyzylorda station, Q3",-6836857.12,USD,-6836857.12,0,,,
TXN-P7-0015,P7,2025-09-08,ACC-7807,Ironwood Office Supplies Group (Ekibastuz block B),Payroll top-up transfer — instalment 2 2025,-9689150.7,USD,-9689150.7,0,,,
TXN-P9-0025,P9,2025-09-08,ACC-7809,Zhezkazgan Processing Holdings LLP,Transfer of processing plant equipment to subsidiary,-418204.37,USD,-418204.37,0,,,
TXN-P9-0042,P9,2025-09-08,ACC-7809,Eastgate Property Works,Telecom services — April,-5971062.37,USD,-5971062.37,0,,,
TXN-P7-0021,P7,2025-09-09,ACC-7807,Hartley Water Works Company (Almaty office),Cold store lease — August 2025,-959841.63,USD,-959841.63,0,,,
TXN-P8-0003,P8,2025-09-09,ACC-7808,Kingsley Utility Services Works,Marketing research panel subscription — period 04,-7531552.68,USD,-7531552.68,0,,,
TXN-P8-0011,P8,2025-09-09,ACC-7808,Ashford Leasing Inc,Radio ad campaign schedule — October,-13795865.18,USD,-13795865.18,0,,,
TXN-B1-0032,B1,2025-09-10,ACC-7201,Hartley Catering LP Supply,Industry exhibition stand marketing — Q1 2025,-7683788.65,USD,-7683788.65,0,,,
TXN-B4-0018,B4,2025-09-10,ACC-7204,Dunmore Landscaping Group,"Printed marketing collateral run — Kyzylorda station, December",-2434137.65,USD,-2434137.65,0,,,
TXN-P1-0016,P1,2025-09-10,ACC-7801,Dunmore Realty,Payroll bonus disbursement — Almaty office 2025,-5004933.43,USD,-5004933.43,0,,,
TXN-P9-0003,P9,2025-09-10,ACC-7809,Acme Office Supplies,Printed marketing collateral run — H2 2025,-11973391.14,USD,-11973391.14,0,,,
TXN-P3-0010,P3,2025-09-11,ACC-7803,KazMunayGas Refining JSC,Refinery turnaround services sales settlement 2025,8104772.36,USD,8104772.36,0,,,
TXN-P7-0020,P7,2025-09-12,ACC-7807,Ironwood Courier Co,Payroll agency rebate — Aktobe hub,4981367.79,USD,4981367.79,0,,,
TXN-P8-0054,P8,2025-09-13,ACC-7808,Juniper Landscaping LLC Service Centre,Marketing volume rebate — Uralsk annex 2025,834559.44,USD,834559.44,0,,,
TXN-P4-0014,P4,2025-09-14,ACC-7804,Glenwood Consulting Inc (Almaty office),Capitalised interest charge 2025,-399050.15,USD,-399050.15,0,,,
TXN-P10-0063,P10,2025-09-15,ACC-7810,State Revenue Committee,Corporate income tax instalment 2025,-882447.19,USD,-882447.19,0,,,
TXN-B1-0012,B1,2025-09-16,ACC-7201,Ironwood Maintenance Group,Customer newsletter marketing production,-421686.32,USD,-421686.32,0,,,
TXN-B4-0024,B4,2025-09-16,ACC-7204,Dunmore Security Solutions Partners (Almaty office),"Tax overpayment refunded — Semey base, period 01",1801311.03,USD,1801311.03,0,,,
TXN-P6-0056,P6,2025-09-16,ACC-7806,Eastgate Supply Ltd (Almaty office),Corporate brand marketing programme — H2 2025,-192438.2,USD,-192438.2,0,,,
TXN-B4-0034,B4,2025-09-17,ACC-7204,Foxridge Insurance Co Holding (Taraz site),Quarterly estimated tax — Shymkent depot,-822556.55,USD,-822556.55,0,,,
TXN-P8-0016,P8,2025-09-17,ACC-7808,Syrdarya Capital Holding LLP,Management advisory retainer,-342118.65,USD,-342118.65,0,,,
TXN-B4-0033,B4,2025-09-18,ACC-7204,Glenwood Water Works LLC Supply (Zhezkazgan compound),Telecom leased line — Pavlodar block,-9899396.01,USD,-9899396.01,0,,,
TXN-B4-0050,B4,2025-09-19,ACC-7204,Ironwood Uniforms Corp,Waste water charge — Q2,-462194.83,USD,-462194.83,0,,,
TXN-P2-0031,P2,2025-09-19,ACC-7802,Bridgeport Cleaning Partners,"Excise tax payment — Shymkent depot, final call 2025",-6057047.46,USD,-6057047.46,0,,,
TXN-P5-0052,P5,2025-09-19,ACC-7805,Ashford Landscaping Holdings Enterprise,Group insurance experience refund — Semey base,163904.34,USD,163904.34,0,,,
TXN-P9-0026,P9,2025-09-19,ACC-7809,Ironwood Uniforms Corp Service Centre (Karaganda yard),Corporate brand marketing programme — period 04,-936660.21,USD,-936660.21,0,,,
TXN-P6-0018,P6,2025-09-20,ACC-7806,Dunmore Utility Inc Enterprise,Capitalised interest charge — Kostanay centre 2025,-1140952.33,USD,-1140952.33,0,,,
TXN-B4-0054,B4,2025-09-21,ACC-7204,Juniper Cleaning (Ekibastuz block B),"Storage unit rent — Karaganda yard, period 02",-792090.02,USD,-792090.02,0,,,
TXN-P7-0037,P7,2025-09-21,ACC-7807,Eastgate Building Services Associates (Taraz site),Marine cargo insurance premium — Uralsk annex,-1731446.13,USD,-1731446.13,0,,,
TXN-B4-0056,B4,2025-09-22,ACC-7204,Shymkent Fuel Distributors LLP,Refinery product sales settlement third quarter,1946791.21,USD,1946791.21,0,,,
TXN-P3-0019,P3,2025-09-22,ACC-7803,Hartley Insurance Inc JSC,Political risk insurance — Kyzylorda station,-8962583.42,USD,-8962583.42,0,,,
TXN-P5-0002,P5,2025-09-22,ACC-7805,Glenwood Realty Solutions Group,Telecom service credit received — instalment 2 2025,4581118.74,USD,4581118.74,0,,,
TXN-B4-0019,B4,2025-09-23,ACC-7204,Dunmore Security Solutions Partners (Almaty office),"Rent for training centre — Shymkent depot, instalment 1",-2217144.91,USD,-2217144.91,0,,,
TXN-P2-0007,P2,2025-09-23,ACC-7802,Ashford Tax Advisory Holdings Enterprise (Semey base),Interest recovery on overpayment — Astana branch 2025,5043155.21,USD,5043155.21,0,,,
TXN-P8-0026,P8,2025-09-23,ACC-7808,Cedarville Courier Holdings Service Centre,"Parking garage lease — Taraz site, H1",-603369.52,USD,-603369.52,0,,,
TXN-P3-0018,P3,2025-09-24,ACC-7803,Cedarville Telecom Services (Ekibastuz block B),"Interest rebate on early repayment — Turkistan point, October 2025",2503692.36,USD,2503692.36,0,,,
TXN-P6-0034,P6,2025-09-24,ACC-7806,Glenwood Office Supplies Services (Oskemen unit),"Social tax remittance — Uralsk annex, November",-780505.67,USD,-780505.67,0,,,
TXN-B4-0048,B4,2025-09-25,ACC-7204,Sentinel Insurance Group (Semey base),Fidelity bond insurance — August,-940663.75,USD,-940663.75,0,,,
TXN-P10-0052,P10,2025-09-25,ACC-7810,Cedarville Security Trust Company (Uralsk annex),Default interest charge — August 2025,-12549219.99,USD,-12549219.99,0,,,
TXN-P7-0003,P7,2025-09-25,ACC-7807,Kingsley Utility Services Enterprise,Quarterly interest coupon — May 2025,-2024164.8,USD,-2024164.8,0,,,
TXN-P9-0010,P9,2025-09-25,ACC-7809,Trident Power Cooperative,Payroll for warehouse staff — May,-2364158.76,USD,-2364158.76,0,,,
TXN-B4-0042,B4,2025-09-26,ACC-7204,Dunmore Building Services (Atyrau terminal),Excise tax credit received — period 02 2025,10258572.62,USD,10258572.62,0,,,
TXN-P1-0030,P1,2025-09-26,ACC-7801,Caspian Shipping Lines JSC,Port handling and stevedoring sales settlement 2025,6842117.53,USD,6842117.53,0,,,
TXN-P10-0046,P10,2025-09-26,ACC-7810,Eastgate Consulting Co (Aktobe hub),"Digital media buy — search — Ekibastuz block B, period 04",-363633.55,USD,-363633.55,0,,,
TXN-P9-0020,P9,2025-09-26,ACC-7809,Dunmore Telecom Partners Holding,Monthly payroll disbursement — Pavlodar block,-488762.1,USD,-488762.1,0,,,
TXN-P9-0029,P9,2025-09-26,ACC-7809,Eastgate Stationery LLC,"Interest rebate on early repayment — Uralsk annex, November",1492367.61,USD,1492367.61,0,,,
TXN-P3-0012,P3,2025-09-27,ACC-7803,Sentinel Insurance Group,Marine cargo insurance premium — Shymkent depot 2025,-211861.67,USD,-211861.67,0,,,
TXN-P3-0047,P3,2025-09-28,ACC-7803,Eastgate Building Services Associates (Shymkent depot),Marketing translation and localisation — Oskemen unit,-8776423.17,USD,-8776423.17,0,,,
TXN-P5-0009,P5,2025-09-28,ACC-7805,Eastgate Consulting Co Holding,"Environmental liability insurance — Karaganda yard, July",-5956057.98,USD,-5956057.98,0,,,
TXN-P4-0005,P4,2025-09-29,ACC-7804,Hartley Office Supplies Partners,Payroll advance recovered from staff — instalment 2,10831373.9,USD,10831373.9,0,,,
TXN-P5-0024,P5,2025-09-29,ACC-7805,Ironwood Building Services Services Service Centre (Taraz site),Electricity metering correction credit — November,624176.29,USD,624176.29,0,,,
TXN-P6-0017,P6,2025-09-29,ACC-7806,Cedarville Leasing (Pavlodar block),Interest on senior notes — period 02 2025,-2350075.41,USD,-2350075.41,0,,,
TXN-P6-0040,P6,2025-09-29,ACC-7806,Taraz Holding Group LLP,Management advisory retainer,-418662.44,USD,-418662.44,0,,,
TXN-B1-0026,B1,2025-09-30,ACC-7201,KEGOC National Grid JSC,Generation capacity sales settlement 2025,9741934.78,USD,9741934.78,0,,,
TXN-P6-0007,P6,2025-09-30,ACC-7806,Bridgeport Stationery Co (Kyzylorda station),Interest on overdraft sweep — Q1,-5978181.15,USD,-5978181.15,0,,,
TXN-P2-0020,P2,2025-10-01,ACC-7802,Glenwood Tax Advisory Co,"Digital media buy — search — Pavlodar block, December",-7734227.11,USD,-7734227.11,0,,,
TXN-P7-0023,P7,2025-10-01,ACC-7807,Hartley Security Group,"Payroll accrual reversal — Turkistan point, May",9251557.75,USD,9251557.75,0,,,
TXN-P9-0041,P9,2025-10-01,ACC-7809,Juniper Janitorial Ltd (Ekibastuz block B),Interest on subordinated notes 2025,-640514.24,USD,-640514.24,0,,,
TXN-P4-0016,P4,2025-10-02,ACC-7804,Foxridge Supply Inc LLP (Taraz site),Social tax remittance — instalment 2 2025,-1401514.8,USD,-1401514.8,0,,,
TXN-P5-0004,P5,2025-10-02,ACC-7805,Sarybel Capital LLP,Management advisory retainer,-273418.66,USD,-273418.66,0,,,
TXN-P1-0017,P1,2025-10-03,ACC-7801,Glenwood Leasing Holdings Ltd,Telecom service credit received 2025,577364.91,USD,577364.91,0,,,
TXN-P10-0043,P10,2025-10-03,ACC-7810,Bridgeport Waste Systems Ltd LLP,Overdraft interest — Q2,-604362.55,USD,-604362.55,0,,,
TXN-P10-0044,P10,2025-10-03,ACC-7810,Juniper Consulting Associates,Marketing co-operative funding received — Atyrau terminal,4500123.14,USD,4500123.14,0,,,
TXN-P5-0044,P5,2025-10-03,ACC-7805,Cedarville Stationery Ltd LLP (Aktobe hub),Quarterly estimated tax — April 2025,-471193.18,USD,-471193.18,0,,,
TXN-P7-0050,P7,2025-10-03,ACC-7807,Eastgate Supply Ltd Company,"Customer newsletter marketing production — Almaty office, Q1 2025",-12884795.9,USD,-12884795.9,0,,,
TXN-P8-0027,P8,2025-10-03,ACC-7808,Ashford Payroll Partners (Taraz site),"Antenna mast lease — Almaty office, period 04 2025",-597868.57,USD,-597868.57,0,,,
TXN-P3-0006,P3,2025-10-04,ACC-7803,Eastgate Uniforms Services (Astana branch),Excise tax credit received — instalment 1,5618786.64,USD,5618786.64,0,,,
TXN-P6-0048,P6,2025-10-04,ACC-7806,Harborview Properties (Aktobe hub),Corporate income tax instalment — January,-2644884.35,USD,-2644884.35,0,,,
TXN-P8-0032,P8,2025-10-04,ACC-7808,Hartley Facilities Services Group (Oskemen unit),Vehicle tax payment — H2,-12763690.64,USD,-12763690.64,0,,,
TXN-P2-0029,P2,2025-10-05,ACC-7802,Trident Power Cooperative (Oskemen unit),Overdraft interest — Oskemen unit 2025,-500159.9,USD,-500159.9,0,,,
TXN-P4-0042,P4,2025-10-06,ACC-7804,Ashford Security (Astana branch),"Customer newsletter marketing production — Semey base, February",-541385.27,USD,-541385.27,0,,,
TXN-P7-0042,P7,2025-10-06,ACC-7807,Ironwood Tax Advisory Inc (Turkistan point),"Rent for training centre — Taraz site, instalment 3",-324534.33,USD,-324534.33,0,,,
TXN-P9-0005,P9,2025-10-06,ACC-7809,Foxridge Consulting Ltd,"Industry exhibition stand marketing — Atyrau terminal, March 2025",-5473059.73,USD,-5473059.73,0,,,
TXN-P9-0043,P9,2025-10-06,ACC-7809,Foxridge Printing LP (Kostanay centre),"Capitalised interest charge — Turkistan point, Q3",-647893.84,USD,-647893.84,0,,,
TXN-P10-0033,P10,2025-10-07,ACC-7810,Juniper Realty Partners Supply,Product launch ad campaign — Oskemen unit,-4201250.31,USD,-4201250.31,0,,,
TXN-P4-0020,P4,2025-10-07,ACC-7804,Kingsley Payroll Trust (Uralsk annex),Payroll for security detail,-3763541.02,USD,-3763541.02,0,,,
TXN-P8-0039,P8,2025-10-07,ACC-7808,Glenwood Courier LP Group,Municipal tax levy — Zhezkazgan compound,-6590520.51,USD,-6590520.51,0,,,
TXN-P10-0009,P10,2025-10-08,ACC-7810,Ashford Catering Associates Company,Accrued interest payment — Ekibastuz block B 2025,-1678314.8,USD,-1678314.8,0,,,
TXN-P2-0034,P2,2025-10-08,ACC-7802,Magnum Distribution JSC,Refrigerated distribution sales settlement 2025,7214663.82,USD,7214663.82,0,,,
TXN-P4-0002,P4,2025-10-08,ACC-7804,Eastgate Janitorial Partners (Taraz site),Travel insurance for staff — April,-429843.42,USD,-429843.42,0,,,
TXN-P4-0017,P4,2025-10-08,ACC-7804,Bridgeport Tax Advisory Services (Aktobe hub),Professional indemnity insurance — H1,-1100235.57,USD,-1100235.57,0,,,
TXN-P2-0016,P2,2025-10-09,ACC-7802,Sterling Office Solutions Partners (Uralsk annex),"District heating utility charge — Astana branch, Q4",-1406217.85,USD,-1406217.85,0,,,
TXN-P7-0035,P7,2025-10-09,ACC-7807,Atyrau Holding Group LLP,Management advisory retainer,-291663.82,USD,-291663.82,0,,,
TXN-P8-0044,P8,2025-10-09,ACC-7808,Cedarville Utility Ltd Company (Taraz site),Ground lease instalment — Semey base,-3012006.14,USD,-3012006.14,0,,,
TXN-P8-0046,P8,2025-10-09,ACC-7808,Crown City Water Board (Semey base),Outdoor marketing site hire 2025,-3457494.06,USD,-3457494.06,0,,,
TXN-P5-0021,P5,2025-10-10,ACC-7805,Globex Telecom (Astana branch),Unclaimed payroll returned — Astana branch 2025,3303750.35,USD,3303750.35,0,,,
TXN-B1-0050,B1,2025-10-11,ACC-7201,Hartley Office Supplies Partners (Atyrau terminal),"Business interruption insurance — Aktobe hub, period 01",-7037702.39,EUR,-8163734.77,0,1.16,,
TXN-P3-0015,P3,2025-10-11,ACC-7803,Cedarville Janitorial Holdings (Zhezkazgan compound),"Capitalised interest charge — Aktobe hub, period 02 2025",-214847.98,USD,-214847.98,0,,,
TXN-P5-0028,P5,2025-10-11,ACC-7805,Eastgate Catering Services (Karaganda yard),Land tax instalment — Kyzylorda station 2025,-179362.3,USD,-179362.3,0,,,
TXN-P3-0025,P3,2025-10-12,ACC-7803,Ashford Payroll Partners (Kyzylorda station),Industry exhibition stand marketing — instalment 3,-7000023.62,USD,-7000023.62,0,,,
TXN-P2-0001,P2,2025-10-13,ACC-7802,Glenwood Janitorial LP Company,"Property insurance premium — Uralsk annex, instalment 3",-838159.45,USD,-838159.45,0,,,
TXN-P4-0043,P4,2025-10-14,ACC-7804,Kazakhstan Grain Union JSC,Grain terminal throughput sales settlement 2025,7004318.47,USD,7004318.47,0,,,
TXN-B4-0014,B4,2025-10-15,ACC-7204,Shymkent Fuel Distributors LLP,Refinery product sales settlement fourth quarter,3084375.68,USD,3084375.68,0,,,
TXN-B4-0053,B4,2025-10-15,ACC-7204,Ashford Office Supplies LLC JSC,Credit facility interest — H2 2025,-1072102.81,USD,-1072102.81,0,,,
TXN-P1-0001,P1,2025-10-15,ACC-7801,Eastgate Landscaping LP (Ekibastuz block B),Franchise tax filing — Astana branch,-5137567.61,USD,-5137567.61,0,,,
TXN-P1-0008,P1,2025-10-15,ACC-7801,Dunmore Stationery Inc (Almaty office),Payroll clearing account sweep back — Uralsk annex,338758.87,USD,338758.87,0,,,
TXN-P2-0018,P2,2025-10-18,ACC-7802,Kingsley Property Partners (Semey base),Compressed air utility charge — period 01,-11088144.33,USD,-11088144.33,0,,,
TXN-P5-0025,P5,2025-10-19,ACC-7805,Cedarville Utility Ltd (Almaty office),Liability insurance — November 2025,-608672.57,USD,-608672.57,0,,,
TXN-P8-0052,P8,2025-10-19,ACC-7808,Vanguard Payroll Co Enterprise,"Unearned insurance premium return — Almaty office, December",238324.18,USD,238324.18,0,,,
TXN-P9-0034,P9,2025-10-22,ACC-7809,Hartley Cleaning Inc (Oskemen unit),"Payroll funding transfer — Turkistan point, period 01",-2590432.34,USD,-2590432.34,0,,,
TXN-P10-0019,P10,2025-10-23,ACC-7810,Hartley Cleaning Inc,Customer newsletter marketing production — H2,-2025228.01,USD,-2025228.01,0,,,
TXN-P1-0029,P1,2025-10-24,ACC-7801,Ashford Utility Corp Partners,Interest on finance sublease — Pavlodar block,-2970109.83,USD,-2970109.83,0,,,
TXN-P4-0037,P4,2025-10-24,ACC-7804,Dunmore Printing Partners Trading House,"Tax overpayment refunded — Zhezkazgan compound, February 2025",1702959.3,USD,1702959.3,0,,,
TXN-P10-0027,P10,2025-10-25,ACC-7810,Ashford Catering Associates (Ekibastuz block B),Marketing translation and localisation — period 01,-12702609.36,USD,-12702609.36,0,,,
TXN-P2-0050,P2,2025-10-26,ACC-7802,Ironwood Power Trust,Payroll funding transfer — Kostanay centre 2025,-853285.29,USD,-853285.29,0,,,
TXN-P3-0037,P3,2025-10-26,ACC-7803,Eastgate Building Services Associates,Marketing translation and localisation — Q4,-308379.19,USD,-308379.19,0,,,
TXN-B1-0057,B1,2025-10-27,ACC-7201,Juniper Stationery Holdings,Warehouse lease — Oskemen unit,-8561654.27,USD,-8561654.27,0,,,
TXN-P10-0012,P10,2025-10-27,ACC-7810,Altyn Fire Protection LLP,Fire safety systems servicing 2025,-118447.52,USD,-118447.52,0,,,
TXN-P3-0013,P3,2025-10-27,ACC-7803,Ironwood Waste Systems Holdings,Marketing co-operative funding received — Atyrau terminal,712948.55,USD,712948.55,0,,,
TXN-P4-0028,P4,2025-10-27,ACC-7804,Ashford Telecom Solutions (Atyrau terminal),"Marketing photography and artwork — Taraz site, May 2025",-5210092.53,USD,-5210092.53,0,,,
TXN-P8-0029,P8,2025-10-27,ACC-7808,Bridgeport Catering Trust (Aktobe hub),"Marketing overbilling refund — Shymkent depot, May 2025",358996.46,USD,358996.46,0,,,
TXN-P2-0049,P2,2025-10-28,ACC-7802,Kingsley Office Supplies Corp,"Interest on export credit line — Kostanay centre, August",-2189336.3,USD,-2189336.3,0,,,
TXN-P9-0033,P9,2025-10-28,ACC-7809,Dunmore Leasing Associates (Karaganda yard),Marine cargo insurance premium — Ekibastuz block B,-290163.25,USD,-290163.25,0,,,
TXN-B4-0043,B4,2025-10-29,ACC-7204,Eastgate Cleaning Corp (Oskemen unit),Product launch ad campaign — Q1,-4098925.47,USD,-4098925.47,0,,,
TXN-P10-0041,P10,2025-10-29,ACC-7810,Bridgeport Realty Inc (Semey base),Sponsorship marketing of regional sports club — period 01 2025,-1101422.08,USD,-1101422.08,0,,,
TXN-P4-0012,P4,2025-10-29,ACC-7804,Ironclad Security Services (Kyzylorda station),"Auto fleet insurance — Turkistan point, period 01",-207247.26,USD,-207247.26,0,,,
TXN-P5-0010,P5,2025-10-29,ACC-7805,Cedarville Courier Holdings (Almaty office),Corporate income tax instalment — Kostanay centre,-7484552.01,USD,-7484552.01,0,,,
TXN-P8-0033,P8,2025-10-29,ACC-7808,Dunmore Insurance LP (Ekibastuz block B),Environmental emissions tax — December,-4122177.44,USD,-4122177.44,0,,,
TXN-P6-0046,P6,2025-10-30,ACC-7806,Foxridge Supply Inc (Karaganda yard),"Interest income on treasury bills — Kostanay centre, period 04 2025",12073018.78,USD,12073018.78,0,,,
TXN-P7-0030,P7,2025-10-30,ACC-7807,Dunmore Cleaning LP Ltd,Payroll accrual reversal — period 04,543377.47,USD,543377.47,0,,,
TXN-P5-0035,P5,2025-10-31,ACC-7805,Glenwood Security Partners (Kostanay centre),"Property insurance premium — Oskemen unit, period 04 2025",-6947736.24,USD,-6947736.24,0,,,
TXN-P6-0021,P6,2025-10-31,ACC-7806,Halcyon Facilities Group (Uralsk annex),"Warehouse lease — Oskemen unit, May",-387703.94,USD,-387703.94,0,,,
TXN-P7-0008,P7,2025-10-31,ACC-7807,Ashford Power LP,"Rent deposit returned — Aktobe hub, Q3 2025",676445.14,USD,676445.14,0,,,
TXN-P1-0004,P1,2025-11-01,ACC-7801,Bridgeport Telecom Holdings Supply,"Quarterly interest coupon — Semey base, Q3",-9801187.71,USD,-9801187.71,0,,,
TXN-P5-0039,P5,2025-11-01,ACC-7805,Dunmore Logistics Ltd Trading House,Interest on finance sublease — Pavlodar block,-5109787.19,USD,-5109787.19,0,,,
TXN-P2-0005,P2,2025-11-02,ACC-7802,Bridgeport Printing Holdings (Kyzylorda station),"Interest recovery on overpayment — Atyrau terminal, December 2025",12986601.59,USD,12986601.59,0,,,
TXN-P5-0037,P5,2025-11-02,ACC-7805,Hartley Tax Advisory Ltd Holding,"Vehicle livery marketing application — Atyrau terminal, period 01 2025",-186150.3,USD,-186150.3,0,,,
TXN-P5-0040,P5,2025-11-03,ACC-7805,Juniper Property Services Trading House,Unused ad campaign budget returned — Kostanay centre 2025,3017451.17,USD,3017451.17,0,,,
TXN-B1-0014,B1,2025-11-04,ACC-7201,Pavlodar Regional Grid LLP,Electricity supply charges for the plant 2025,-937215.88,USD,-937215.88,0,,,
TXN-B1-0039,B1,2025-11-04,ACC-7201,Ironwood Cleaning LLC (Atyrau terminal),"Property tax rebate — Zhezkazgan compound, November 2025",4875575.45,USD,4875575.45,0,,,
TXN-P10-0061,P10,2025-11-04,ACC-7810,Bridgeport Landscaping Services,"Accrued interest payment — Taraz site, December",-243999.82,USD,-243999.82,0,,,
TXN-B1-0028,B1,2025-11-05,ACC-7201,Lakeshore Insurance Brokers (Pavlodar block),"Marketing photography and artwork — Almaty office, final call",-150143.68,USD,-150143.68,0,,,
TXN-B1-0055,B1,2025-11-05,ACC-7201,Cedarville Building Services LLC,Retail unit rent — Zhezkazgan compound 2025,-4643753.93,USD,-4643753.93,0,,,
TXN-B4-0027,B4,2025-11-06,ACC-7204,Eastgate Water Works Ltd (Oskemen unit),"Vehicle tax payment — Karaganda yard, June 2025",-1550172.67,USD,-1550172.67,0,,,
TXN-P4-0048,P4,2025-11-06,ACC-7804,Aral Capital Partners LLP,Management advisory retainer,-288417.52,USD,-288417.52,0,,,
TXN-P9-0030,P9,2025-11-07,ACC-7809,Glenwood Telecom Corp,Waste water charge — Q3 2025,-11213884.09,USD,-11213884.09,0,,,
TXN-P10-0032,P10,2025-11-08,ACC-7810,Ashford Utility Corp Supply (Ekibastuz block B),"Default interest charge — Oskemen unit, Q1",-4860904.56,USD,-4860904.56,0,,,
TXN-P5-0036,P5,2025-11-10,ACC-7805,Ashford Water Works Group (Almaty office),Plant and boiler insurance premium — instalment 1,-199779.81,USD,-199779.81,0,,,
TXN-P5-0049,P5,2025-11-10,ACC-7805,Hartley Tax Advisory Ltd Holding,Marketing co-operative funding received — Pavlodar block 2025,956767.61,USD,956767.61,0,,,
TXN-P2-0041,P2,2025-11-11,ACC-7802,Bridgeport Landscaping Services Ltd,Franchise tax filing — October 2025,-2278643.59,USD,-2278643.59,0,,,
TXN-P2-0051,P2,2025-11-11,ACC-7802,Cascade Water Utility Enterprise (Atyrau terminal),Telecom mobile fleet plan — Atyrau terminal 2025,-395108.58,USD,-395108.58,0,,,
TXN-P7-0049,P7,2025-11-12,ACC-7807,Glenwood Consulting Inc (Karaganda yard),Industry exhibition stand marketing — March,-2240747.97,USD,-2240747.97,0,,,
TXN-P9-0017,P9,2025-11-12,ACC-7809,Zhezkazgan Conveyor Assets LLP,Transfer of conveyor equipment to subsidiary,-302118.64,USD,-302118.64,0,,,
TXN-P8-0037,P8,2025-11-13,ACC-7808,Eastgate Leasing Trust,Sublet rent received — Pavlodar block 2025,1124814.37,USD,1124814.37,0,,,
TXN-P2-0015,P2,2025-11-14,ACC-7802,Ironwood Landscaping Inc (Taraz site),"Use tax payment — Karaganda yard, Q4 2025",-5744675.93,USD,-5744675.93,0,,,
TXN-P7-0012,P7,2025-11-14,ACC-7807,Kingsley Office Supplies Corp Ltd,"Payroll for administrative staff — Karaganda yard, Q3 2025",-16087757.97,USD,-16087757.97,0,,,
TXN-P7-0043,P7,2025-11-15,ACC-7807,Hartley Utility Trust,"Cyber insurance premium — Oskemen unit, December 2025",-2795654.36,USD,-2795654.36,0,,,
TXN-P4-0032,P4,2025-11-16,ACC-7804,Cedarville Office Supplies Associates (Oskemen unit),Insurance deductible recovery — H1,9841998.95,USD,9841998.95,0,,,
TXN-P6-0002,P6,2025-11-16,ACC-7806,Foxridge Insurance Co (Uralsk annex),"Container yard lease — Oskemen unit, December",-197837.64,USD,-197837.64,0,,,
TXN-P1-0005,P1,2025-11-17,ACC-7801,Juniper Insurance,"Tax penalty settlement charge — Atyrau terminal, Q1 2025",-1352784.37,EUR,-1569229.87,0,1.16,,
TXN-P6-0050,P6,2025-11-17,ACC-7806,Glenwood Building Services Solutions (Shymkent depot),Travel insurance for staff 2025,-366031.92,USD,-366031.92,0,,,
TXN-P7-0033,P7,2025-11-18,ACC-7807,State Revenue Committee,Mineral extraction tax assessment 2025,-486204.19,USD,-486204.19,1,,"26acfab1e58b: TXN-P7-0033 (State Revenue Committee): сумма не отражена в выгрузке реестра; фактическая сумма операции составляет $486,204.19 (расход). СЛУЖЕБНАЯ ЗАПИСКА КАЗНАЧЕЙСТВА · ATYRAU PIPELINE SERVICES JSC · ВНУТРЕННИЙ РАБОЧИЙ",сумма отсутствует в реестре
TXN-P7-0018,P7,2025-11-19,ACC-7807,Blue Ridge Payroll Services Group (Aktobe hub),"Corporate brand marketing programme — Semey base, July",-2196374.68,USD,-2196374.68,0,,,
TXN-B4-0026,B4,2025-11-20,ACC-7204,Turkistan Petroleum Traders LLP,Advance cargo sales settlement fourth quarter,979403.89,USD,979403.89,0,,,
TXN-P10-0006,P10,2025-11-20,ACC-7810,Crown City Water Board JSC,Marketing volume rebate — Semey base,1306899.64,USD,1306899.64,0,,,
TXN-P2-0013,P2,2025-11-20,ACC-7802,Bridgeport Printing Holdings (Semey base),"Radio ad campaign schedule — Semey base, final call",-2152472.71,USD,-2152472.71,0,,,
TXN-P2-0003,P2,2025-11-21,ACC-7802,Hartley Uniforms LP (Shymkent depot),Radio ad campaign schedule — October,-10988013.78,USD,-10988013.78,0,,,
TXN-P5-0020,P5,2025-11-21,ACC-7805,Foxridge Office Supplies Holdings (Oskemen unit),"Political risk insurance — Atyrau terminal, instalment 1",-422062.54,USD,-422062.54,0,,,
TXN-P7-0017,P7,2025-11-22,ACC-7807,Ashford Realty Ltd Partners (Kyzylorda station),"Payroll accrual reversal — Zhezkazgan compound, period 03 2025",352424.19,USD,352424.19,0,,,
TXN-P3-0036,P3,2025-11-23,ACC-7803,Dunmore Waste Systems LLC Enterprise,Electricity overbilling refund — Q3 2025,167405.83,USD,167405.83,0,,,
TXN-P1-0043,P1,2025-11-24,ACC-7801,Foxridge Utility,Industry exhibition stand marketing — period 03 2025,-76611.78,USD,-76611.78,0,,,
TXN-P3-0021,P3,2025-11-24,ACC-7803,Hartley Tax Advisory Ltd (Kyzylorda station),"Utility deposit returned — Uralsk annex, instalment 2",8777310.89,USD,8777310.89,0,,,
TXN-P3-0049,P3,2025-11-24,ACC-7803,Kingsley Office Supplies Corp (Zhezkazgan compound),Electricity for pumping station — May 2025,-708761.82,USD,-708761.82,0,,,
TXN-P5-0042,P5,2025-11-24,ACC-7805,Vanguard Payroll Co (Taraz site),"Cyber insurance premium — Turkistan point, instalment 2 2025",-2544454.09,USD,-2544454.09,0,,,
TXN-P7-0039,P7,2025-11-24,ACC-7807,Bridgeport Facilities LLC,"Lease incentive received — Turkistan point, April 2025",7566301.01,USD,7566301.01,0,,,
TXN-P6-0044,P6,2025-11-25,ACC-7806,Zhambyl Energy Supply JSC,Electricity supply charges 2025,-418204.37,USD,-418204.37,0,,,
TXN-P8-0018,P8,2025-11-25,ACC-7808,Dunmore Realty (Aktobe hub),Interest on bridge facility — April 2025,-5553186.31,USD,-5553186.31,0,,,
TXN-P1-0039,P1,2025-11-26,ACC-7801,Eastgate Payroll Co (Zhezkazgan compound),Compressed air utility charge — May,-1096125.15,USD,-1096125.15,0,,,
TXN-P10-0016,P10,2025-11-26,ACC-7810,Ironclad Security Services (Taraz site),Credit facility interest — H2 2025,-639303.58,USD,-639303.58,0,,,
TXN-P3-0034,P3,2025-11-26,ACC-7803,Ashford Tax Advisory Holdings,Liability insurance — Atyrau terminal 2025,-9958958.72,USD,-9958958.72,0,,,
TXN-P3-0027,P3,2025-11-27,ACC-7803,Bridgeport Logistics Corp,Marketing research panel subscription 2025,-238441.92,USD,-238441.92,0,,,
TXN-P8-0036,P8,2025-11-27,ACC-7808,Hartley Security Group (Pavlodar block),"Insurance deductible recovery — Kyzylorda station, Q4",2790305.49,USD,2790305.49,0,,,
TXN-P8-0042,P8,2025-11-27,ACC-7808,Juniper Janitorial Ltd,Regional marketing campaign production — Aktobe hub,-7408064.41,USD,-7408064.41,0,,,
TXN-P10-0047,P10,2025-11-29,ACC-7810,Glenwood Cleaning Ltd,Marketing translation and localisation — Kostanay centre,-13105437.79,USD,-13105437.79,0,,,
TXN-P3-0008,P3,2025-11-30,ACC-7803,Ironwood Facilities Partners,"Directors and officers insurance — Atyrau terminal, August",-731378.19,USD,-731378.19,0,,,
TXN-P5-0032,P5,2025-11-30,ACC-7805,Eastgate Water Works Ltd (Almaty office),Accrued interest payment — instalment 2,-481640.9,USD,-481640.9,0,,,
TXN-P9-0046,P9,2025-11-30,ACC-7809,Sentinel Insurance Group Group,"Water charge adjustment credit — Kostanay centre, Q1",371181.1,USD,371181.1,0,,,
TXN-B4-0008,B4,2025-12-01,ACC-7204,Harborview Properties Partners (Ekibastuz block B),Customs duty and tax payment — Atyrau terminal,-680514.75,USD,-680514.75,0,,,
TXN-P1-0027,P1,2025-12-01,ACC-7801,Juniper Property Services Company,Electricity for pumping station — Kostanay centre,-82098.81,USD,-82098.81,0,,,
TXN-P2-0026,P2,2025-12-01,ACC-7802,Ironwood Leasing Partners (Atyrau terminal),Payroll overfunding returned — December 2025,2163185.04,USD,2163185.04,0,,,
TXN-P10-0002,P10,2025-12-02,ACC-7810,Saryarka Capital Partners LLP,Management advisory retainer,-318663.44,USD,-318663.44,0,,,
TXN-P4-0052,P4,2025-12-02,ACC-7804,Ironwood Realty Services,"Parking garage lease — Ekibastuz block B, period 04",-1099617.09,USD,-1099617.09,0,,,
TXN-P5-0008,P5,2025-12-02,ACC-7805,Cedarville Logistics Co (Karaganda yard),Customs duty and tax payment — Taraz site 2025,-696594.44,USD,-696594.44,0,,,
TXN-B4-0001,B4,2025-12-03,ACC-7204,Hartley Catering LP Supply,"Insurance deductible recovery — Shymkent depot, August",4109763.55,USD,4109763.55,0,,,
TXN-P3-0030,P3,2025-12-03,ACC-7803,Glenwood Waste Systems Trust Group,Radio ad campaign schedule — Oskemen unit,-13690215.11,USD,-13690215.11,0,,,
TXN-P8-0031,P8,2025-12-04,ACC-7808,Kyzylorda Drilling Personnel LLP,Rotational staff payroll settlement Q4 2025,-884204.16,USD,-884204.16,1,,"bf9b7bffc514: TXN-P8-0031 (Kyzylorda Drilling Personnel LLP): сумма не отражена в выгрузке реестра; фактическая сумма операции составляет $884,204.16 (расход). 2 За аудитора и от его имени Turan Verity Audit LLP РЕСПУБЛИКАКАЗАХСТАН Tu",сумма отсутствует в реестре
TXN-P9-0027,P9,2025-12-04,ACC-7809,Juniper Courier Ltd,Depot yard rent — Q3 2025,-340336.85,USD,-340336.85,0,,,
TXN-B4-0032,B4,2025-12-05,ACC-7204,Dunmore Realty Company,Property insurance premium — Uralsk annex,-1066700.84,USD,-1066700.84,0,,,
TXN-P8-0025,P8,2025-12-06,ACC-7808,Dunmore Power Ltd,Interest on working capital line — period 03,-358623.84,EUR,-416003.65,0,1.16,,
TXN-P8-0047,P8,2025-12-06,ACC-7808,Ironwood Landscaping Inc Service Centre (Pavlodar block),Marketing agency credit note,3534594.74,USD,3534594.74,0,,,
TXN-P10-0007,P10,2025-12-07,ACC-7810,Hartley Catering LP (Shymkent depot),Interest credited on current account 2025,316925.24,USD,316925.24,0,,,
TXN-P8-0019,P8,2025-12-07,ACC-7808,Ironwood Catering Corp (Shymkent depot),Customer newsletter marketing production 2025,-1992329.27,USD,-1992329.27,0,,,
TXN-P5-0041,P5,2025-12-08,ACC-7805,Ironwood Utility Solutions Ltd,"Withholding tax remittance — Ekibastuz block B, period 03",-486439.35,USD,-486439.35,0,,,
TXN-P3-0048,P3,2025-12-09,ACC-7803,Cedarville Maintenance Associates,"Corporate brand marketing programme — Oskemen unit, March",-1802146.12,USD,-1802146.12,0,,,
TXN-P4-0021,P4,2025-12-09,ACC-7804,Ironwood Maintenance Group Works,"Product launch ad campaign — Kyzylorda station, May 2025",-211891.24,USD,-211891.24,0,,,
TXN-B4-0007,B4,2025-12-11,ACC-7204,Dunmore Leasing Associates (Kostanay centre),Excise tax credit received — period 03,3156040.76,USD,3156040.76,0,,,
TXN-P1-0018,P1,2025-12-11,ACC-7801,Eastgate Logistics Inc (Uralsk annex),Advance profit tax instalment — Kostanay centre,-4731226.36,EUR,-5488222.58,0,1.16,,
TXN-P8-0051,P8,2025-12-11,ACC-7808,Hartley Property Solutions Trading House,Lease deposit released — March,394816.89,USD,394816.89,0,,,
TXN-P7-0036,P7,2025-12-12,ACC-7807,Glenwood Waste Systems Trust Company,"Marketing volume rebate — Semey base, March",1821189.4,USD,1821189.4,0,,,
TXN-P8-0010,P8,2025-12-12,ACC-7808,Juniper Logistics Solutions,Unearned insurance premium return — Q4,6918308.23,USD,6918308.23,0,,,
TXN-B4-0020,B4,2025-12-13,ACC-7204,Vanguard Payroll Co (Pavlodar block),Office rent — Atyrau terminal,-4272373.11,USD,-4272373.11,0,,,
TXN-P3-0004,P3,2025-12-13,ACC-7803,Cedarville Printing Services JSC (Ekibastuz block B),"Advance profit tax instalment — Turkistan point, H2",-607809.53,USD,-607809.53,0,,,
TXN-P8-0009,P8,2025-12-13,ACC-7808,Ashford Landscaping Holdings (Oskemen unit),Marketing overbilling refund — December,182205.42,USD,182205.42,0,,,
TXN-B4-0012,B4,2025-12-14,ACC-7204,Ashford Leasing Inc (Almaty office),Payroll top-up transfer — period 02 2025,-11367594.98,USD,-11367594.98,0,,,
TXN-P1-0011,P1,2025-12-17,ACC-7801,Bridgeport Realty Inc Group,Media buy rate adjustment credit,2224775.3,USD,2224775.3,0,,,
TXN-P6-0043,P6,2025-12-17,ACC-7806,Kingsley Facilities LP (Zhezkazgan compound),"Professional indemnity insurance — Atyrau terminal, December 2025",-561992.88,USD,-561992.88,0,,,
TXN-B1-0043,B1,2025-12-19,ACC-7201,Cedarville Consulting LP Partners (Pavlodar block),Tax audit assessment payment — period 03,-602698.98,USD,-602698.98,0,,,
TXN-P1-0051,P1,2025-12-19,ACC-7801,Ashford Utility Corp Trading House,"Waste water charge — Aktobe hub, October 2025",-1507081.12,USD,-1507081.12,0,,,
TXN-P2-0044,P2,2025-12-19,ACC-7802,Dunmore Maintenance Trust Service Centre (Almaty office),"Interest true-up charge — Almaty office, February 2025",-1333221.39,USD,-1333221.39,0,,,
TXN-P6-0025,P6,2025-12-21,ACC-7806,Eastgate Building Services Associates (Zhezkazgan compound),"Insurance broker rebate — Karaganda yard, October 2025",2472615.89,USD,2472615.89,0,,,
TXN-B1-0004,B1,2025-12-22,ACC-7201,Pavlodar Personnel Bureau LLP,Payroll settlement for operational staff 2025,-1284663.42,USD,-1284663.42,0,,,
TXN-B1-0024,B1,2025-12-22,ACC-7201,Juniper Janitorial Ltd (Kostanay centre),Product launch ad campaign — Turkistan point 2025,-379295.13,USD,-379295.13,0,,,
TXN-P10-0054,P10,2025-12-22,ACC-7810,Ironwood Insurance LLC (Zhezkazgan compound),"Marketing photography and artwork — Aktobe hub, period 01",-321571.43,USD,-321571.43,0,,,
TXN-P3-0022,P3,2025-12-22,ACC-7803,Sentinel Insurance Group JSC,Revolver interest — Astana branch 2025,-408073.64,USD,-408073.64,0,,,
TXN-P6-0032,P6,2025-12-22,ACC-7806,Hartley Insurance Inc (Kostanay centre),Industry exhibition stand marketing — Oskemen unit 2025,-4123428.79,USD,-4123428.79,0,,,
TXN-B4-0023,B4,2025-12-23,ACC-7204,Juniper Office Supplies LP Ltd,Social tax remittance — Atyrau terminal 2025,-8272816.97,USD,-8272816.97,0,,,
TXN-P2-0048,P2,2025-12-23,ACC-7802,Dunmore Courier Services Holding,Tax penalty settlement charge 2025,-245067.17,USD,-245067.17,0,,,
TXN-P4-0011,P4,2025-12-23,ACC-7804,Hartley Logistics Associates (Atyrau terminal),"Tax assessment reversal — Karaganda yard, June 2025",8005272.76,USD,8005272.76,0,,,
TXN-P9-0051,P9,2025-12-24,ACC-7809,Hartley Logistics Associates,Regional marketing campaign production — Zhezkazgan compound,-680651.1,USD,-680651.1,0,,,
TXN-P9-0008,P9,2025-12-25,ACC-7809,Hartley Consulting LLC,Withholding tax reclaim received — Zhezkazgan compound,5133778.18,USD,5133778.18,0,,,
TXN-B4-0045,B4,2025-12-26,ACC-7204,Foxridge Power LLC Works,Tax overpayment refunded — Q2 2025,438746.22,USD,438746.22,0,,,
TXN-P3-0044,P3,2025-12-26,ACC-7803,Cedarville Property Inc,Revolver interest — instalment 2 2025,-3331769.29,USD,-3331769.29,0,,,
TXN-P7-0005,P7,2025-12-26,ACC-7807,Pioneer Payroll Bureau (Kyzylorda station),"Payroll for security detail — Kyzylorda station, period 04",-6770546.94,USD,-6770546.94,0,,,
TXN-P10-0015,P10,2025-12-28,ACC-7810,Beacon Tax Advisors,"Interest on export credit line — Semey base, December",-920041.07,USD,-920041.07,0,,,
TXN-P6-0010,P6,2025-12-29,ACC-7806,Dunmore Property LLC Holding,Corporate income tax instalment — Semey base,-2100935.52,USD,-2100935.52,0,,,
TXN-P7-0016,P7,2025-12-29,ACC-7807,Dunmore Payroll Corp (Pavlodar block),Cold store lease — August 2025,-4160796.31,USD,-4160796.31,0,,,
TXN-P8-0035,P8,2025-12-29,ACC-7808,Ironwood Courier Co (Oskemen unit),"Customer newsletter marketing production — Zhezkazgan compound, September",-142950.51,USD,-142950.51,0,,,
TXN-P7-0014,P7,2025-12-31,ACC-7807,Glenwood Building Services Solutions Enterprise (Semey base),"Term loan interest — Semey base, July 2025",-1021668.67,USD,-1021668.67,0,,,
TXN-P8-0034,P8,2025-12-31,ACC-7808,Foxridge Tax Advisory Corp,Product launch ad campaign — March 2025,-323730.94,USD,-323730.94,0,,,
TXN-P8-0043,P8,2025-12-31,ACC-7808,Ironwood Water Works Associates,Professional indemnity insurance — Taraz site,-1059444.21,USD,-1059444.21,0,,,
